0x0,0x37d
0x0,0x331
0x0,0x355
0x0,0xbe
0x0,0x16f
0x0,0x331
0x0,0xc3
0x0,0x25
0x0,0x203
0x0,0x3da
0x0,0xca
0x0,0x373
0x0,0x72
0x0,0x331
0x0,0x191
0x0,0x72
0x0,0xe4
0x0,0x152
0x0,0x331
0x0,0x15e
0x0,0x8d
0x0,0x8d
0x0,0x72
0x0,0x272
0x0,0xd8
0x0,0x331
0x0,0x331
0x0,0x331
0x0,0x22d
0x0,0x94
0x0,0xbe
0x0,0x72
0x0,0x37b
0x0,0x72
0x0,0x8d
0x0,0x331
0x0,0x331
0x0,0x8d
0x0,0x37b
0x0,0xaa
0x0,0x331
0x0,0x331
0x0,0x37d
0x0,0x3a5
0x0,0x3b4
0x0,0x25
0x0,0x72
0x0,0x331
0x0,0x38c
0x0,0x331
0x0,0x190
0x0,0xc3
0x0,0x205
0x0,0x331
0x0,0x72
0x0,0x331
0x0,0xe0
0x0,0x72
0x0,0x331
0x0,0x8d
0x0,0x331
0x0,0x331
0x0,0x72
0x0,0x331
0x0,0x331
0x0,0x28e
0x0,0x1a2
0x0,0x113
0x0,0xbe
0x0,0x191
0x0,0x331
0x0,0x331
0x0,0x36
0x0,0x37d
0x0,0x331
0x0,0x8d
0x0,0x331
0x0,0x218
0x0,0xa6
0x0,0x331
0x0,0x37d
0x0,0x2e3
0x0,0x1a2
0x0,0x373
0x0,0x183
0x0,0x331
0x0,0x8d
0x0,0x331
0x0,0x25
0x0,0x331
0x0,0x72
0x0,0x225
0x0,0x8d
0x0,0x72
0x0,0x331
0x0,0x331
0x0,0x1a2
0x0,0x331
0x0,0x344
0x0,0x3b4
0x0,0x72
0x0,0x331
0x0,0x331
0x0,0x331
0x0,0x8d
0x0,0x99
0x0,0x331
0x0,0x331
0x0,0x121
0x0,0xe5
0x0,0xc1
0x0,0x8d
0x0,0x218
0x0,0x96
0x0,0x2e7
0x0,0x272
0x0,0x331
0x0,0x331
0x0,0x355
0x0,0x200
0x0,0x218
0x0,0x8d
0x0,0xb2
0x0,0x331
0x0,0x17
0x0,0x3b4
0x0,0x1dd
0x0,0xbe
0x0,0x32a
0x0,0x1b8
0x0,0x37b
0x0,0x37d
0x0,0x8d
0x0,0x72
0x0,0x11f
0x0,0xc8
0x0,0x331
0x0,0x246
0x0,0xbe
0x0,0x72
0x0,0x37f
0x0,0x37d
0x0,0x3b8
0x0,0x89
0x0,0x37b
0x0,0x12
0x0,0x331
0x0,0x313
0x0,0x331
0x0,0x331
0x0,0x72
0x0,0x37d
0x0,0x72
0x0,0x1c
0x0,0x94
0x0,0x54
0x0,0x37d
0x0,0x8d
0x0,0x23b
0x0,0xd
0x0,0x331
0x0,0x1bc
0x0,0x1a6
0x0,0x331
0x0,0x331
0x0,0x283
0x0,0x8d
0x0,0x278
0x0,0x37d
0x0,0x72
0x0,0x1db
0x0,0x32a
0x0,0x351
0x0,0x72
0x0,0x37d
0x0,0x225
0x0,0x1ec
0x0,0x23
0x0,0x84
0x0,0x37d
0x0,0x31e
0x0,0x37f
0x0,0x37d
0x0,0x2a6
0x0,0x331
0x0,0x211
0x0,0x331
0x0,0x15e
0x0,0x331
0x0,0x331
0x0,0x3b8
0x0,0x331
0x0,0x35d
0x0,0x37b
0x0,0x96
0x0,0x28d
0x0,0x331
0x0,0x331
0x0,0x239
0x0,0x37d
0x0,0x331
0x0,0x12d
0x0,0x331
0x0,0x1db
0x0,0x72
0x0,0x218
0x0,0x12
0x0,0x19b
0x0,0x2ba
0x0,0xe4
0x0,0x152
0x0,0xbe
0x0,0xbe
0x0,0x8d
0x0,0x99
0x0,0x280
0x0,0x331
0x0,0x8d
0x0,0x20e
0x0,0x72
0x0,0x72
0x0,0x72
0x0,0x72
0x0,0x331
0x0,0x72
0x0,0x331
0x0,0x72
0x0,0x3c2
0x0,0x331
0x0,0x331
0x0,0x331
0x0,0x331
0x0,0x8d
0x0,0x331
0x0,0x351
0x0,0x331
0x0,0x72
0x0,0x60
0x0,0x99
0x0,0x331
0x0,0x3b4
0x0,0x1ad
0x0,0x331
0x0,0x3b4
0x0,0x331
0x0,0x331
0x0,0x309
0x0,0x331
0x0,0x361
0x0,0x331
0x0,0x368
0x0,0x1a2
0x0,0x8d
0x0,0x309
0x0,0x331
0x0,0x18
0x0,0x72
0x0,0xe4
0x0,0x331
0x0,0x314
0x0,0x331
0x0,0x331
0x0,0x9b
0x0,0x12
0x0,0x355
0x0,0x331
0x0,0x331
0x0,0x87
0x0,0x72
0x0,0x132
0x0,0x331
0x0,0x3da
0x0,0x2f
0x0,0x331
0x0,0xa2
0x0,0x72
0x0,0x331
0x0,0x8d
0x0,0xca
0x0,0x60
0x0,0x331
0x0,0x72
0x0,0x72
0x0,0x72
0x0,0x331
0x0,0x331
0x0,0x8d
0x0,0x72
0x0,0xae
0x0,0x72
0x0,0x331
0x0,0x3bf
0x0,0xbe
0x0,0x37d
0x0,0x72
0x0,0x3cf
0x0,0x72
0x0,0x37b
0x0,0x331
0x0,0x331
0x0,0xbe
0x0,0x19b
0x0,0x37b
0x0,0x331
0x0,0x8d
0x0,0x72
0x0,0x72
0x0,0x22
0x0,0x183
0x0,0x72
0x0,0x89
0x0,0x37d
0x0,0x331
0x0,0x72
0x0,0x136
0x0,0x72
0x0,0x36
0x0,0x3a4
0x0,0x37b
0x0,0x37d
0x0,0x72
0x0,0xe4
0x0,0xa6
0x0,0x3b4
0x0,0x331
0x0,0x37b
0x0,0x225
0x0,0xe4
0x0,0x37d
0x0,0x19b
0x0,0x107
0x0,0x331
0x0,0x331
0x0,0x138
0x0,0xe4
0x0,0x2b0
0x0,0x12d
0x0,0xbe
0x0,0x72
0x0,0x218
0x0,0x313
0x0,0xe4
0x0,0x218
0x0,0x8d
0x0,0x19b
0x0,0x39f
0x0,0x72
0x0,0x331
0x0,0x331
0x0,0x37d
0x0,0x331
0x0,0x84
0x0,0x331
0x0,0xa6
0x0,0x8d
0x0,0x37b
0x0,0x331
0x0,0xbe
0x0,0x2fa
0x0,0x72
0x0,0x8d
0x0,0x36
0x0,0x72
0x0,0x89
0x0,0x26d
0x0,0xc3
0x0,0x72
0x0,0x296
0x0,0x1a2
0x0,0x331
0x0,0x37d
0x0,0xbe
0x0,0x10c
0x0,0x355
0x0,0x331
0x0,0x331
0x0,0x1a2
0x0,0x331
0x0,0x72
0x0,0x72
0x0,0x37d
0x0,0x37d
0x0,0x225
0x0,0x113
0x0,0x37d
0x0,0x8d
0x0,0x331
0x0,0x72
0x0,0x72
0x0,0x3bf
0x0,0x19b
0x0,0xd4
0x0,0xc1
0x0,0x249
0x0,0x37d
0x0,0xe4
0x0,0x331
0x0,0x1a2
0x0,0x1a2
0x0,0x57
0x0,0x12d
0x0,0x331
0x0,0x22d
0x0,0x3b8
0x0,0x331
0x0,0x18
0x0,0x36f
0x0,0x304
0x0,0x14f
0x0,0x64
0x0,0x191
0x0,0x5d
0x0,0x25
0x0,0x331
0x0,0x8d
0x0,0x331
0x0,0x184
0x0,0x1d4
0x0,0x331
0x0,0x331
0x0,0x72
0x0,0x37d
0x0,0x37d
0x0,0x94
0x0,0xc8
0x0,0xe4
0x0,0x2bb
0x0,0x331
0x0,0x3b8
0x0,0xe0
0x0,0x12
0x0,0x1b8
0x0,0x331
0x0,0x331
0x0,0x331
0x0,0x246
0x0,0x37b
0x0,0x37d
0x0,0x36c
0x0,0x331
0x0,0x99
0x0,0x72
0x0,0x3b4
0x0,0x37b
0x0,0x1e7
0x0,0x178
0x0,0x331
0x0,0x331
0x0,0xbe
0x0,0xa6
0x0,0x72
0x0,0x180
0x0,0x21f
0x0,0x331
0x0,0x331
0x0,0xf8
0x0,0x89
0x0,0x331
0x0,0x8d
0x0,0x331
0x0,0x368
0x0,0x331
0x0,0x3b0
0x0,0x37d
0x0,0xbe
0x0,0x2f
0x0,0x218
0x0,0x331
0x0,0x72
0x0,0x15e
0x0,0x37d
0x0,0x331
0x0,0x37d
0x0,0xbe
0x0,0x26c
0x0,0x72
0x0,0x331
0x0,0x1a2
0x0,0x72
0x0,0x37b
0x0,0x331
0x0,0x331
0x0,0x10c
0x0,0x37d
0x0,0x25
0x0,0x331
0x0,0x152
0x0,0x8d
0x0,0x99
0x0,0x8d
0x0,0x331
0x0,0x72
0x0,0x8d
0x0,0xc8
0x0,0x225
0x0,0x57
0x0,0xbe
0x0,0xbe
0x0,0x61
0x0,0x331
0x0,0x331
0x0,0x331
0x0,0x72
0x0,0x2b3
0x0,0x152
0x0,0x72
0x0,0x8d
0x0,0x320
0x0,0x72
0x0,0xe0
0x0,0x16a
0x0,0xde
0x0,0x72
0x0,0x331
0x0,0x13b
0x0,0x27a
0x0,0x37d
0x0,0x331
0x0,0x37d
0x0,0x326
0x0,0x331
0x0,0x36e
0x0,0x72
0x0,0xd7
0x0,0xbe
0x0,0x331
0x0,0x3ca
0x0,0x1f1
0x0,0x72
0x0,0x72
0x0,0x72
0x0,0x37b
0x0,0x2e7
0x0,0x72
0x0,0x8d
0x0,0x72
0x0,0x31e
0x0,0x331
0x0,0x338
0x0,0x331
0x0,0x356
0x0,0x260
0x0,0x332
0x0,0x37d
0x0,0x99
0x0,0x3b4
0x0,0x25
0x0,0x3be
0x0,0x367
0x0,0x331
0x0,0x331
0x0,0x132
0x0,0x19b
0x0,0x331
0x0,0x3b4
0x0,0x8d
0x0,0x72
0x0,0x72
0x0,0x72
0x0,0x331
0x0,0x3b4
0x0,0x331
0x0,0x72
0x0,0x94
0x0,0x37d
0x0,0x3a4
0x0,0xb
0x0,0x72
0x0,0x331
0x0,0x2fa
0x0,0x1f5
0x0,0xd7
0x0,0x72
0x0,0x331
0x0,0x26d
0x0,0x331
0x0,0x29a
0x0,0x331
0x0,0x331
0x0,0xca
0x0,0x1b3
0x0,0x331
0x0,0x72
0x0,0x225
0x0,0x8d
0x0,0x72
0x0,0x37b
0x0,0x33a
0x0,0x37d
0x0,0x37d
0x0,0x72
0x0,0x331
0x0,0x37b
0x0,0x266
0x0,0x218
0x0,0x8d
0x0,0xbe
0x0,0x37d
0x0,0x8d
0x0,0x331
0x0,0x3b4
0x0,0x331
0x0,0x331
0x0,0x99
0x0,0x331
0x0,0x2e7
0x0,0x218
0x0,0x200
0x0,0xbe
0x0,0x37b
0x0,0x331
0x0,0x18
0x0,0x3b4
0x0,0x331
0x0,0x331
0x0,0x72
0x0,0x331
0x0,0x331
0x0,0x1dd
0x0,0x37d
0x0,0x72
0x0,0x72
0x0,0x37b
0x0,0x331
0x0,0x331
0x0,0x331
0x0,0x277
0x0,0x72
0x0,0x331
0x0,0x70
0x0,0x152
0x0,0x281
0x0,0x331
0x0,0x331
0x0,0x12
0x0,0x36
0x0,0x331
0x0,0x221
0x0,0x331
0x0,0x8d
0x0,0x64
0x0,0x72
0x0,0x8d
0x0,0x331
0x0,0x3d5
0x0,0x108
0x0,0x72
0x0,0x279
0x0,0x331
0x0,0x72
0x0,0x331
0x0,0x331
0x0,0x37d
0x0,0x331
0x0,0x37d
0x0,0x331
0x0,0x14d
0x0,0x3da
0x0,0x331
0x0,0x113
0x0,0x331
0x0,0x331
0x0,0x287
0x0,0x26c
0x0,0x303
0x0,0x1a2
0x0,0x218
0x0,0x331
0x0,0x331
0x0,0x8d
0x0,0xc3
0x0,0x331
0x0,0x1a2
0x0,0x331
0x0,0x3a4
0x0,0x292
0x0,0x211
0x0,0x3b4
0x0,0x331
0x0,0x331
0x0,0x331
0x0,0x331
0x0,0x37b
0x0,0x19b
0x0,0x22d
0x0,0x139
0x0,0x3dc
0x0,0x331
0x0,0x89
0x0,0x1f5
0x0,0x2fa
0x0,0x218
0x0,0x331
0x0,0x225
0x0,0x72
0x0,0x99
0x0,0x331
0x0,0x218
0x0,0x95
0x0,0x72
0x0,0x20e
0x0,0x331
0x0,0x2e7
0x0,0x331
0x0,0x8d
0x0,0x1a2
0x0,0x99
0x0,0x37d
0x0,0x246
0x0,0x331
0x0,0x1a2
0x0,0x260
0x0,0x8d
0x0,0xbe
0x0,0x2fa
0x0,0x8d
0x0,0x72
0x0,0x331
0x0,0x2f4
0x0,0x37d
0x0,0x2a9
0x0,0x37d
0x0,0x3b4
0x0,0x331
0x0,0xe3
0x0,0x48
0x0,0x72
0x0,0x37f
0x0,0x240
0x0,0x3ae
0x0,0x8d
0x0,0xe4
0x0,0x331
0x0,0x331
0x0,0x72
0x0,0x331
0x0,0x25a
0x0,0x141
0x0,0x331
0x0,0x18
0x0,0x1db
0x0,0x218
0x0,0x331
0x0,0xa6
0x0,0xc8
0x0,0xbe
0x0,0x331
0x0,0x331
0x0,0x1f5
0x0,0x8d
0x0,0x31e
0x0,0x37d
0x0,0x99
0x0,0x1a2
0x0,0x37d
0x0,0xe4
0x0,0x331
0x0,0x331
0x0,0x331
0x0,0x331
0x0,0x1b3
0x0,0x30d
0x0,0x3b4
0x0,0x18
0x0,0x334
0x0,0x331
0x0,0x331
0x0,0x99
0x0,0x64
0x0,0x331
0x0,0x37d
0x0,0x2dd
0x0,0x331
0x0,0x27
0x0,0x72
0x0,0x1db
0x0,0x22f
0x0,0x331
0x0,0x331
0x0,0x27a
0x0,0x331
0x0,0x37d
0x0,0x2d
0x0,0x331
0x0,0x2e7
0x0,0x72
0x0,0xe4
0x0,0x1a2
0x0,0x331
0x0,0x309
0x0,0x36
0x0,0x37b
0x0,0x99
0x0,0x18
0x0,0x1a2
0x0,0x3b4
0x0,0x331
0x0,0x8d
0x0,0x37d
0x0,0x331
0x0,0x331
0x0,0x13
0x0,0x225
0x0,0x331
0x0,0x331
0x0,0x331
0x0,0x3b8
0x0,0xc8
0x0,0x99
0x0,0x331
0x0,0x331
0x0,0x18
0x0,0x331
0x0,0x331
0x0,0x2dd
0x0,0x72
0x0,0x72
0x0,0x8d
0x0,0x331
0x0,0x37b
0x0,0x331
0x0,0x3b4
0x0,0x1ec
0x0,0x19a
0x0,0x8d
0x0,0x231
0x0,0x331
0x0,0x1dd
0x0,0x331
0x0,0x8d
0x0,0x75
0x0,0x218
0x0,0x225
0x0,0x21f
0x0,0x331
0x0,0x1b3
0x0,0x331
0x0,0x72
0x0,0x1f5
0x0,0x331
0x0,0x37b
0x0,0x72
0x0,0x37d
0x0,0xa6
0x0,0x331
0x0,0x37d
0x0,0x72
0x0,0x331
0x0,0x331
0x0,0x331
0x0,0x331
0x0,0xf6
0x0,0x331
0x0,0x218
0x0,0x331
0x0,0xca
0x0,0x331
0x0,0x37b
0x0,0x8d
0x0,0x331
0x0,0xe0
0x0,0x32
0x0,0x258
0x0,0x254
0x0,0xbe
0x0,0x331
0x0,0x72
0x0,0x72
0x0,0x37d
0x0,0x1f1
0x0,0x12d
0x0,0x17
0x0,0x331
0x0,0x37d
0x0,0x37d
0x0,0x331
0x0,0x37d
0x0,0x2d6
0x0,0x1a2
0x0,0xbe
0x0,0x20e
0x0,0x178
0x0,0x72
0x0,0x331
0x0,0x331
0x0,0x1f5
0x0,0x37d
0x0,0x37d
0x0,0x12
0x0,0x351
0x0,0x36c
0x0,0x18
0x0,0x8d
0x0,0xbe
0x0,0x331
0x0,0x57
0x0,0xbe
0x0,0x72
0x0,0x331
0x0,0x190
0x0,0x331
0x0,0x72
0x0,0x37d
0x0,0x37d
0x0,0x331
0x0,0x37b
0x0,0x225
0x0,0x12
0x0,0x331
0x0,0x72
0x0,0x8d
0x0,0x331
0x0,0x218
0x0,0x3a
0x0,0x331
0x0,0x37d
0x0,0x331
0x0,0x18
0x0,0x8d
0x0,0x301
0x0,0x220
0x0,0x37d
0x0,0x72
0x0,0x1a2
0x0,0x331
0x0,0x37b
0x0,0x331
0x0,0x36c
0x0,0x1a2
0x0,0x72
0x0,0x331
0x0,0xe4
0x0,0x1f6
0x0,0x331
0x0,0x331
0x0,0x331
0x0,0x331
0x0,0x294
0x0,0x8d
0x0,0x331
0x0,0x331
0x0,0x72
0x0,0x37d
0x0,0x331
0x0,0x204
0x0,0x8d
0x0,0x331
0x0,0x1db
0x0,0x331
0x0,0x37d
0x0,0x225
0x0,0x331
0x0,0x98
0x0,0x72
0x0,0x72
0x0,0x72
0x0,0x3ad
0x0,0x3ca
0x0,0xc8
0x0,0x331
0x0,0x3ad
0x0,0x331
0x0,0x31e
0x0,0x37d
0x0,0xaa
0x0,0x2b0
0x0,0x331
0x0,0x89
0x0,0x37d
0x0,0x331
0x0,0x25
0x0,0xc3
0x0,0x37d
0x0,0x71
0x0,0x331
0x0,0x25
0x0,0x72
0x0,0x36c
0x0,0x5d
0x0,0x331
0x0,0x331
0x0,0x331
0x0,0x331
0x0,0x331
0x0,0x113
0x0,0x331
0x0,0xf7
0x0,0x72
0x0,0x37b
0x0,0x331
0x0,0x331
0x0,0x164
0x0,0x331
0x0,0x141
0x0,0x2d6
0x0,0x132
0x0,0x331
0x0,0x72
0x0,0x331
0x0,0x331
0x0,0x72
0x0,0x331
0x0,0x331
0x0,0x3b4
0x0,0x331
0x0,0x72
0x0,0x2cf
0x0,0x37d
0x0,0x37b
0x0,0x72
0x0,0xc1
0x0,0x368
0x0,0x331
0x0,0x331
0x0,0x331
0x0,0x12
0x0,0x178
0x0,0x331
0x0,0x8d
0x0,0x37d
0x0,0x72
0x0,0x1db
0x0,0x331
0x0,0x331
0x0,0x37d
0x0,0x368
0x0,0x331
0x0,0x72
0x0,0xa6
0x0,0x186
0x0,0x331
0x0,0x331
0x0,0xe4
0x0,0x37d
0x0,0x72
0x0,0x331
0x0,0x3b4
0x0,0x37d
0x0,0x72
0x0,0x8d
0x0,0x8d
0x0,0x37b
0x0,0x1f9
0x0,0x12
0x0,0xc8
0x0,0x331
0x0,0x8d
0x0,0x331
0x0,0x331
0x0,0x72
0x0,0x5d
0x0,0x225
0x0,0x331
0x0,0x331
0x0,0x8d
0x0,0x221
0x0,0x331
0x0,0x94
0x0,0x22d
0x0,0x99
0x0,0x99
0x0,0x72
0x0,0x331
0x0,0x72
0x0,0x331
0x0,0x331
0x0,0x331
0x0,0x37d
0x0,0x37b
0x0,0x276
0x0,0x72
0x0,0x93
0x0,0xbe
0x0,0x331
0x0,0x1e5
0x0,0x1db
0x0,0x331
0x0,0x1f1
0x0,0x25
0x0,0x331
0x0,0x331
0x0,0x72
0x0,0x3b4
0x0,0x355
0x0,0x331
0x0,0x2f0
0x0,0x37d
0x0,0x67
0x0,0x37d
0x0,0x2fa
0x0,0x8d
0x0,0x355
0x0,0x26d
0x0,0x331
0x0,0xf7
0x0,0xc3
0x0,0x331
0x0,0x355
0x0,0x19b
0x0,0x72
0x0,0x1a2
0x0,0x72
0x0,0x37b
0x0,0x331
0x0,0x37d
0x0,0xff
0x0,0x72
0x0,0x218
0x0,0x37d
0x0,0x19b
0x0,0x12
0x0,0x37d
0x0,0x331
0x0,0x37b
0x0,0x5d
0x0,0x225
0x0,0x331
0x0,0x331
0x0,0x3b4
0x0,0x331
0x0,0x1f
0x0,0x37d
0x0,0x1f1
0x0,0x331
0x0,0x8d
0x0,0x72
0x0,0x37d
0x0,0x37d
0x0,0xc1
0x0,0x18
0x0,0x70
0x0,0x37b
0x0,0x331
0x0,0x331
0x0,0x37d
0x0,0x8d
0x0,0xc8
0x0,0x331
0x0,0x331
0x0,0x8d
0x0,0xbe
0x0,0x304
0x0,0x331
0x0,0x331
0x0,0x331
0x0,0xbe
0x0,0x331
0x0,0x72
0x0,0x101
0x0,0x18
0x0,0x1d5
0x0,0x218
0x0,0xbe
0x0,0x72
0x0,0x331
0x0,0x144
0x0,0x37d
0x0,0x331
0x0,0x225
0x0,0x72
0x0,0x37d
0x0,0x331
0x0,0x218
0x0,0x218
0x0,0x72
0x0,0x25
0x0,0x331
0x0,0x8d
0x0,0x331
0x0,0x19b
0x0,0x3b4
0x0,0x72
0x0,0xbe
0x0,0x72
0x0,0x331
0x0,0x331
0x0,0x72
0x0,0x331
0x0,0x37d
0x0,0x72
0x0,0x331
0x0,0x331
0x0,0xbe
0x0,0x72
0x0,0x1e6
0x0,0x89
0x0,0x331
0x0,0x37d
0x0,0x37d
0x0,0x331
0x0,0x72
0x0,0xbe
0x0,0x29d
0x0,0x37d
0x0,0x72
0x0,0x331
0x0,0x72
0x0,0x19b
0x0,0x1a2
0x0,0xff
0x0,0x355
0x0,0xe
0x0,0x3b4
0x0,0x331
0x0,0x8b
0x0,0xe0
0x0,0x356
0x0,0x331
0x0,0x211
0x0,0xbe
0x0,0x72
0x0,0x20e
0x0,0x72
0x0,0x72
0x0,0x20
0x0,0x37d
0x0,0x37b
0x0,0x332
0x0,0x22c
0x0,0x331
0x0,0x290
0x0,0x331
0x0,0x1a4
0x0,0x331
0x0,0x215
0x0,0x331
0x0,0xbe
0x0,0x331
0x0,0x1cc
0x0,0x5d
0x0,0xc0
0x0,0x3b4
0x0,0x72
0x0,0xe4
0x0,0x72
0x0,0x25
0x0,0x331
0x0,0xe4
0x0,0x304
0x0,0x12e
0x0,0x3b6
0x0,0x331
0x0,0x72
0x0,0x37d
0x0,0x1cc
0x0,0x37b
0x0,0x3b4
0x0,0x72
0x0,0x72
0x0,0x1fe
0x0,0xbe
0x0,0x8d
0x0,0x331
0x0,0x37d
0x0,0x8d
0x0,0x331
0x0,0x37d
0x0,0x89
0x0,0x8d
0x0,0x2dd
0x0,0xbe
0x0,0x218
0x0,0x331
0x0,0x3cb
0x0,0x89
0x0,0x331
0x0,0x36
0x0,0x3b4
0x0,0x23
0x0,0x37b
0x0,0xc8
0x0,0x246
0x0,0x106
0x0,0x190
0x0,0x20e
0x0,0x331
0x0,0x225
0x0,0x37d
0x0,0x331
0x0,0x331
0x0,0x331
0x0,0x23b
0x0,0x331
0x0,0x331
0x0,0x331
0x0,0x331
0x0,0x113
0x0,0xe4
0x0,0xbe
0x0,0xe0
0x0,0x331
0x0,0x37d
0x0,0x351
0x0,0x331
0x0,0xd8
0x0,0x331
0x0,0x12
0x0,0x95
0x0,0x72
0x0,0xce
0x0,0x1be
0x0,0x8f
0x0,0x23d
0x0,0x331
0x0,0x37b
0x0,0x3b4
0x0,0x37d
0x0,0xaf
0x0,0x329
0x0,0x21
0x0,0x72
0x0,0x331
0x0,0x19b
0x0,0xe
0x0,0x12
0x0,0x25
0x0,0xe0
0x0,0x37b
0x0,0x3b4
0x0,0x331
0x0,0x20e
0x0,0x3b4
0x0,0x8d
0x0,0x2fa
0x0,0x72
0x0,0x331
0x0,0x331
0x0,0x356
0x0,0x36
0x0,0xbe
0x0,0x331
0x0,0x331
0x0,0x396
0x0,0x331
0x0,0x203
0x0,0x1e5
0x0,0x331
0x0,0x331
0x0,0x331
0x0,0x1db
0x0,0x331
0x0,0x331
0x0,0x331
0x0,0x331
0x0,0x331
0x0,0x18
0x0,0x25
0x0,0x72
0x0,0x3b4
0x0,0x331
0x0,0x307
0x0,0x75
0x0,0x331
0x0,0x37d
0x0,0x331
0x0,0x230
0x0,0x183
0x0,0x37d
0x0,0x331
0x0,0x37d
0x0,0x98
0x0,0x331
0x0,0x331
0x0,0x331
0x0,0x12d
0x0,0x27a
0x0,0x331
0x0,0x3b4
0x0,0x19b
0x0,0x331
0x0,0x89
0x0,0x331
0x0,0x72
0x0,0xbe
0x0,0x72
0x0,0x37d
0x0,0x8d
0x0,0x1a2
0x0,0x37d
0x0,0x36
0x0,0x2e7
0x0,0x12
0x0,0x355
0x0,0x331
0x0,0x38c
0x0,0x218
0x0,0x331
0x0,0x331
0x0,0x331
0x0,0xbe
0x0,0x331
0x0,0xbe
0x0,0x174
0x0,0x331
0x0,0x12
0x0,0x72
0x0,0x8d
0x0,0x37d
0x0,0x331
0x0,0x3b4
0x0,0x37d
0x0,0x331
0x0,0x331
0x0,0x37d
0x0,0xe1
0x0,0x8d
0x0,0x2fa
0x0,0x152
0x0,0x89
0x0,0x37d
0x0,0x72
0x0,0x218
0x0,0x331
0x0,0xe4
0x0,0xc3
0x0,0xe4
0x0,0x331
0x0,0x72
0x0,0xe4
0x0,0x37d
0x0,0xc3
0x0,0x100
0x0,0x331
0x0,0x37d
0x0,0x331
0x0,0x331
0x0,0x2e7
0x0,0x8d
0x0,0x331
0x0,0x331
0x0,0x331
0x0,0x1ad
0x0,0x3b4
0x0,0x72
0x0,0x12d
0x0,0x331
0x0,0x355
0x0,0x37d
0x0,0x2f
0x0,0x12
0x0,0x331
0x0,0x8d
0x0,0x25
0x0,0x72
0x0,0x99
0x0,0xe4
0x0,0x23
0x0,0xb5
0x0,0x331
0x0,0x37b
0x0,0xe4
0x0,0x331
0x0,0x218
0x0,0x72
0x0,0x331
0x0,0x331
0x0,0x331
0x0,0x37b
0x0,0x3b8
0x0,0x8d
0x0,0x336
0x0,0x72
0x0,0x331
0x0,0x232
0x0,0x178
0x0,0x324
0x0,0x2fa
0x0,0x72
0x0,0x152
0x0,0x331
0x0,0x8d
0x0,0x99
0x0,0x331
0x0,0x331
0x0,0x331
0x0,0x37d
0x0,0x218
0x0,0x37d
0x0,0x331
0x0,0x280
0x0,0x331
0x0,0x331
0x0,0x99
0x0,0x37b
0x0,0x331
0x0,0x1ec
0x0,0x331
0x0,0x12
0x0,0x331
0x0,0x72
0x0,0x331
0x0,0x331
0x0,0x72
0x0,0x8d
0x0,0x331
0x0,0x218
0x0,0x331
0x0,0x72
0x0,0x72
0x0,0x331
0x0,0x331
0x0,0x218
0x0,0x37d
0x0,0x331
0x0,0x72
0x0,0x195
0x0,0x25
0x0,0x331
0x0,0xbe
0x0,0x21f
0x0,0x3b4
0x0,0x174
0x0,0x331
0x0,0x331
0x0,0x331
0x0,0x72
0x0,0x387
0x0,0x331
0x0,0x331
0x0,0x37d
0x0,0x331
0x0,0x138
0x0,0x37b
0x0,0x6e
0x0,0x355
0x0,0x20e
0x0,0x72
0x0,0x1db
0x0,0x72
0x0,0x72
0x0,0x331
0x0,0x331
0x0,0xe5
0x0,0x331
0x0,0x37d
0x0,0x331
0x0,0x3b4
0x0,0x331
0x0,0xb
0x0,0x96
0x0,0x331
0x0,0x29f
0x0,0x27a
0x0,0x331
0x0,0x171
0x0,0x331
0x0,0x3b4
0x0,0x331
0x0,0x72
0x0,0x8c
0x0,0x1f5
0x0,0xc8
0x0,0x355
0x0,0x72
0x0,0x331
0x0,0x297
0x0,0x8d
0x0,0x331
0x0,0x2b0
0x0,0x331
0x0,0xbe
0x0,0x331
0x0,0x31e
0x0,0x1eb
0x0,0x2fa
0x0,0x218
0x0,0x331
0x0,0xe4
0x0,0x26f
0x0,0x331
0x0,0x3b4
0x0,0x72
0x0,0x331
0x0,0x331
0x0,0x72
0x0,0x331
0x0,0x37d
0x0,0xe4
0x0,0xc8
0x0,0x72
0x0,0x72
0x0,0xe4
0x0,0x331
0x0,0xd7
0x0,0x1f5
0x0,0x331
0x0,0x331
0x0,0x331
0x0,0x1b3
0x0,0x37d
0x0,0x72
0x0,0x331
0x0,0x44
0x0,0x331
0x0,0x99
0x0,0xc8
0x0,0x94
0x0,0x309
0x0,0x331
0x0,0xbe
0x0,0x331
0x0,0x1fa
0x0,0x331
0x0,0x3b4
0x0,0x331
0x0,0x331
0x0,0x72
0x0,0x37b
0x0,0x3d6
0x0,0x72
0x0,0x1a2
0x0,0x72
0x0,0x72
0x0,0xe4
0x0,0x2e7
0x0,0x8d
0x0,0x72
0x0,0x331
0x0,0xd2
0x0,0x36c
0x0,0x72
0x0,0x331
0x0,0xb5
0x0,0x1f5
0x0,0x37d
0x0,0x19b
0x0,0x331
0x0,0x3b4
0x0,0x331
0x0,0x103
0x0,0x331
0x0,0x72
0x0,0x12
0x0,0x1cc
0x0,0x12
0x0,0x331
0x0,0xc8
0x0,0x355
0x0,0x72
0x0,0x218
0x0,0x331
0x0,0x355
0x0,0x331
0x0,0x331
0x0,0x15e
0x0,0xc3
0x0,0x37b
0x0,0x12
0x0,0x331
0x0,0x2e8
0x0,0x113
0x0,0x37b
0x0,0x37b
0x0,0x72
0x0,0x72
0x0,0x37d
0x0,0x12d
0x0,0x331
0x0,0x331
0x0,0x94
0x0,0x72
0x0,0x331
0x0,0x331
0x0,0x107
0x0,0x331
0x0,0x72
0x0,0x331
0x0,0x331
0x0,0x113
0x0,0x331
0x0,0x331
0x0,0xe4
0x0,0xbe
0x0,0x331
0x0,0x331
0x0,0x8d
0x0,0x37d
0x0,0x72
0x0,0x3b4
0x0,0x331
0x0,0x331
0x0,0x3b4
0x0,0x37d
0x0,0x331
0x0,0x331
0x0,0x218
0x0,0x331
0x0,0x37d
0x0,0x8d
0x0,0x72
0x0,0x3b4
0x0,0x8d
0x0,0x225
0x0,0x37b
0x0,0x331
0x0,0xfa
0x0,0x37b
0x0,0xe4
0x0,0x331
0x0,0x2e3
0x0,0x331
0x0,0x37d
0x0,0x331
0x0,0x1a2
0x0,0xc8
0x0,0x344
0x0,0x3ad
0x0,0x3e
0x0,0x331
0x0,0x12
0x0,0x331
0x0,0x37d
0x0,0x2b0
0x0,0xbe
0x0,0x309
0x0,0x331
0x0,0x1a2
0x0,0x225
0x0,0x331
0x0,0x331
0x0,0x331
0x0,0x331
0x0,0x72
0x0,0x3b4
0x0,0x218
0x0,0x1e8
0x0,0x331
0x0,0x265
0x0,0x331
0x0,0xd2
0x0,0x37d
0x0,0xe4
0x0,0x37d
0x0,0x331
0x0,0x8d
0x0,0x2e7
0x0,0xc1
0x0,0x8
0x0,0x19b
0x0,0x332
0x0,0x37d
0x0,0xbe
0x0,0x8d
0x0,0x3b4
0x0,0x331
0x0,0x8d
0x0,0xbe
0x0,0x72
0x0,0x331
0x0,0x1f9
0x0,0x331
0x0,0x2da
0x0,0x37b
0x0,0xd
0x0,0x331
0x0,0x37d
0x0,0x331
0x0,0x2fa
0x0,0x3b4
0x0,0x3b4
0x0,0xb
0x0,0x2fa
0x0,0xb
0x0,0xb
0x0,0x37d
0x0,0x1db
0x0,0x225
0x0,0x312
0x0,0x3b4
0x0,0x72
0x0,0x218
0x0,0x331
0x0,0x355
0x0,0x2dd
0x0,0x99
0x0,0x331
0x0,0x331
0x0,0x2a9
0x0,0x331
0x0,0x331
0x0,0x331
0x0,0x37d
0x0,0x37d
0x0,0x331
0x0,0x331
0x0,0x72
0x0,0x60
0x0,0x3b4
0x0,0x331
0x0,0x2e7
0x0,0x25
0x0,0x2dd
0x0,0x37d
0x0,0x1f5
0x0,0x3d1
0x0,0x8d
0x0,0x20e
0x0,0x331
0x0,0x3b4
0x0,0x3b4
0x0,0x331
0x0,0x37d
0x0,0x331
0x0,0x280
0x0,0x8d
0x0,0x31e
0x0,0x3c2
0x0,0x331
0x0,0xaa
0x0,0x24b
0x0,0x190
0x0,0x331
0x0,0x331
0x0,0x340
0x0,0x72
0x0,0x331
0x0,0x99
0x0,0xc8
0x0,0xe0
0x0,0x1d3
0x0,0x2fa
0x0,0x8d
0x0,0x37d
0x0,0xa6
0x0,0x18
0x0,0x355
0x0,0x96
0x0,0x331
0x0,0x331
0x0,0x331
0x0,0x37d
0x0,0x37b
0x0,0x331
0x0,0x331
0x0,0x346
0x0,0x331
0x0,0x2fa
0x0,0x72
0x0,0x72
0x0,0x72
0x0,0x331
0x0,0x331
0x0,0x331
0x0,0x12
0x0,0x331
0x0,0x331
0x0,0x331
0x0,0x72
0x0,0x25
0x0,0x37d
0x0,0x331
0x0,0xc8
0x0,0x331
0x0,0x331
0x0,0x8d
0x0,0x331
0x0,0x3b4
0x0,0x331
0x0,0x331
0x0,0x331
0x0,0x331
0x0,0xb5
0x0,0x331
0x0,0x1f1
0x0,0x60
0x0,0x86
0x0,0x2e7
0x0,0x37b
0x0,0x1a2
0x0,0x37d
0x0,0x331
0x0,0x3da
0x0,0x3b8
0x0,0x331
0x0,0x174
0x0,0xeb
0x0,0x25
0x0,0x8d
0x0,0x26d
0x0,0x72
0x0,0x218
0x0,0x37d
0x0,0xb
0x0,0x24e
0x0,0x1a2
0x0,0x12
0x0,0x3b8
0x0,0x72
0x0,0x331
0x0,0x351
0x0,0x72
0x0,0x8d
0x0,0x331
0x0,0x331
0x0,0x72
0x0,0x72
0x0,0x331
0x0,0x331
0x0,0x37b
0x0,0x72
0x0,0x331
0x0,0x5d
0x0,0x72
0x0,0xe4
0x0,0x37d
0x0,0x72
0x0,0x331
0x0,0x3b4
0x0,0x72
0x0,0x331
0x0,0x331
0x0,0x5d
0x0,0x3e7
0x0,0x72
0x0,0x3ad
0x0,0x2a3
0x0,0x331
0x0,0x2e7
0x0,0x331
0x0,0x25
0x0,0xe4
0x0,0x331
0x0,0x37d
0x0,0x189
0x0,0x3b4
0x0,0x3b4
0x0,0x3b4
0x0,0x1cf
0x0,0x8d
0x0,0x37d
0x0,0x331
0x0,0x37d
0x0,0x331
0x0,0x331
0x0,0x331
0x0,0x331
0x0,0x2f
0x0,0x99
0x0,0x37b
0x0,0x3a4
0x0,0x355
0x0,0x331
0x0,0x331
0x0,0x3b4
0x0,0xe4
0x0,0x25
0x0,0x331
0x0,0x72
0x0,0x8d
0x0,0x331
0x0,0x72
0x0,0x72
0x0,0xc3
0x0,0x218
0x0,0x280
0x0,0x34b
0x0,0x72
0x0,0x8d
0x0,0x331
0x0,0x72
0x0,0x331
0x0,0x331
0x0,0x113
0x0,0x331
0x0,0x331
0x0,0x331
0x0,0x65
0x0,0x8d
0x0,0x64
0x0,0x211
0x0,0x25
0x0,0x331
0x0,0xc1
0x0,0x3b4
0x0,0x36
0x0,0x331
0x0,0xca
0x0,0x331
0x0,0x331
0x0,0x331
0x0,0x1a2
0x0,0x3bd
0x0,0x2f4
0x0,0xff
0x0,0x37d
0x0,0xc8
0x0,0x18
0x0,0x331
0x0,0x331
0x0,0x331
0x0,0x331
0x0,0x3b4
0x0,0x331
0x0,0x72
0x0,0x231
0x0,0x72
0x0,0x331
0x0,0x72
0x0,0x37d
0x0,0xd8
0x0,0x96
0x0,0x72
0x0,0x331
0x0,0x1f1
0x0,0xbe
0x0,0x331
0x0,0x331
0x0,0x331
0x0,0x331
0x0,0xa9
0x0,0x235
0x0,0xe
0x0,0x331
0x0,0xbe
0x0,0x37b
0x0,0x11
0x0,0x331
0x0,0x37b
0x0,0x112
0x0,0x3a4
0x0,0x12
0x0,0x23b
0x0,0x313
0x0,0x37d
0x0,0x331
0x0,0x3b8
0x0,0x2b0
0x0,0x331
0x0,0x37d
0x0,0x8d
0x0,0x8d
0x0,0x33e
0x0,0x211
0x0,0x378
0x0,0x331
0x0,0x72
0x0,0x331
0x0,0x72
0x0,0x8d
0x0,0x3b4
0x0,0x2e7
0x0,0x8d
0x0,0x72
0x0,0x331
0x0,0x94
0x0,0xe9
0x0,0x37d
0x0,0x3b8
0x0,0x331
0x0,0x37d
0x0,0x37b
0x0,0x37d
0x0,0x331
0x0,0xbe
0x0,0xbe
0x0,0xe4
0x0,0x331
0x0,0x37d
0x0,0x19b
0x0,0x331
0x0,0x331
0x0,0x368
0x0,0x331
0x0,0x72
0x0,0x19b
0x0,0x394
0x0,0x70
0x0,0x331
0x0,0x72
0x0,0x80
0x0,0x331
0x0,0x18
0x0,0x8d
0x0,0x3da
0x0,0x12d
0x0,0x331
0x0,0x331
0x0,0x331
0x0,0x331
0x0,0x1b2
0x0,0x72
0x0,0x331
0x0,0x166
0x0,0x331
0x0,0x113
0x0,0x12
0x0,0x355
0x0,0x24e
0x0,0x3b4
0x0,0x331
0x0,0x331
0x0,0x331
0x0,0x1ec
0x0,0x1da
0x0,0x331
0x0,0x331
0x0,0x37d
0x0,0x331
0x0,0x218
0x0,0x3b4
0x0,0x72
0x0,0x8d
0x0,0xbe
0x0,0x37b
0x0,0x331
0x0,0x331
0x0,0x72
0x0,0x211
0x0,0x331
0x0,0x25
0x0,0x12d
0x0,0x331
0x0,0x331
0x0,0x331
0x0,0x331
0x0,0x331
0x0,0x331
0x0,0x331
0x0,0x99
0x0,0x94
0x0,0x2fa
0x0,0xbe
0x0,0x12
0x0,0x99
0x0,0x225
0x0,0x178
0x0,0x13c
0x0,0x2bc
0x0,0x331
0x0,0x190
0x0,0x18
0x0,0x331
0x0,0x37d
0x0,0xe4
0x0,0x72
0x0,0x326
0x0,0x331
0x0,0x331
0x0,0x72
0x0,0x2fd
0x0,0x72
0x0,0x19
0x0,0x225
0x0,0x72
0x0,0x331
0x0,0x218
0x0,0x5d
0x0,0x331
0x0,0x4d
0x0,0x2fa
0x0,0x205
0x0,0x72
0x0,0x37d
0x0,0x37d
0x0,0x331
0x0,0x1cc
0x0,0x331
0x0,0x1c5
0x0,0x8d
0x0,0x331
0x0,0x37d
0x0,0x37d
0x0,0xbe
0x0,0x331
0x0,0x331
0x0,0x3b4
0x0,0x8d
0x0,0x331
0x0,0x72
0x0,0x37d
0x0,0x218
0x0,0x1f9
0x0,0x331
0x0,0x3a4
0x0,0x8d
0x0,0x345
0x0,0x331
0x0,0x331
0x0,0x72
0x0,0x37d
0x0,0x8d
0x0,0x12
0x0,0x331
0x0,0x331
0x0,0x8d
0x0,0x331
0x0,0x25
0x0,0x331
0x0,0x37b
0x0,0x331
0x0,0x113
0x0,0x25
0x0,0x8d
0x0,0xc8
0x0,0x331
0x0,0x72
0x0,0xb
0x0,0x331
0x0,0x22d
0x0,0xa2
0x0,0x331
0x0,0x225
0x0,0x331
0x0,0x36
0x0,0x1a2
0x0,0x37b
0x0,0x3b4
0x0,0x37d
0x0,0x331
0x0,0x331
0x0,0x2e7
0x0,0x8d
0x0,0x37d
0x0,0x8d
0x0,0x331
0x0,0x331
0x0,0x331
0x0,0x3b4
0x0,0x72
0x0,0x72
0x0,0x331
0x0,0x331
0x0,0x331
0x0,0x331
0x0,0x37d
0x0,0x75
0x0,0xbe
0x0,0x373
0x0,0x37d
0x0,0x72
0x0,0xda
0x0,0x331
0x0,0x72
0x0,0x331
0x0,0x331
0x0,0x331
0x0,0x72
0x0,0x72
0x0,0x38e
0x0,0x331
0x0,0x331
0x0,0x331
0x0,0x3b4
0x0,0x8d
0x0,0x217
0x0,0x331
0x0,0x72
0x0,0x25
0x0,0x37b
0x0,0x1b3
0x0,0x72
0x0,0x3b4
0x0,0x331
0x0,0xe4
0x0,0x331
0x0,0x11
0x0,0xbe
0x0,0x331
0x0,0x331
0x0,0xbe
0x0,0x37b
0x0,0x72
0x0,0x16c
0x0,0x331
0x0,0x330
0x0,0x331
0x0,0x1a2
0x0,0x3b4
0x0,0x72
0x0,0x1f9
0x0,0x331
0x0,0x72
0x0,0x3b4
0x0,0x331
0x0,0x331
0x0,0x72
0x0,0x8d
0x0,0x212
0x0,0xa2
0x0,0x37d
0x0,0x27b
0x0,0x72
0x0,0x1e5
0x0,0xbe
0x0,0x178
0x0,0x21f
0x0,0x1ec
0x0,0x56
0x0,0x31b
0x0,0x331
0x0,0x1b8
0x0,0xbe
0x0,0x351
0x0,0x8d
0x0,0x1a2
0x0,0x331
0x0,0x1f1
0x0,0x37d
0x0,0x72
0x0,0x2fa
0x0,0x1a2
0x0,0x8d
0x0,0x331
0x0,0x37d
0x0,0x12
0x0,0x1ec
0x0,0x332
0x0,0x37b
0x0,0x8d
0x0,0x331
0x0,0xd2
0x0,0x225
0x0,0x37b
0x0,0x2e7
0x0,0x19b
0x0,0x72
0x0,0x8d
0x0,0x37d
0x0,0x37d
0x0,0x8d
0x0,0x37d
0x0,0x21f
0x0,0x37b
0x0,0x72
0x0,0x331
0x0,0x113
0x0,0x89
0x0,0x8d
0x0,0x72
0x0,0x37d
0x0,0x3b4
0x0,0x331
0x0,0x72
0x0,0x232
0x0,0x1f5
0x0,0x260
0x0,0x3a
0x0,0x8d
0x0,0x37d
0x0,0xbe
0x0,0x2e7
0x0,0x1a2
0x0,0xbe
0x0,0x37d
0x0,0x72
0x0,0x3b4
0x0,0x3b
0x0,0x72
0x0,0x72
0x0,0x37d
0x0,0x331
0x0,0x171
0x0,0x331
0x0,0x331
0x0,0x72
0x0,0x72
0x0,0x29a
0x0,0x1ec
0x0,0x331
0x0,0x3b4
0x0,0x8d
0x0,0x1bf
0x0,0x18
0x0,0x331
0x0,0x309
0x0,0x331
0x0,0x3b4
0x0,0x331
0x0,0x218
0x0,0x3b4
0x0,0x113
0x0,0x32f
0x0,0x72
0x0,0x3b4
0x0,0x72
0x0,0x64
0x0,0x96
0x0,0xe4
0x0,0x198
0x0,0x1a2
0x0,0x31b
0x0,0x331
0x0,0x37d
0x0,0x3b4
0x0,0x72
0x0,0x32f
0x0,0x21f
0x0,0x102
0x0,0x99
0x0,0x72
0x0,0x37b
0x0,0x32a
0x0,0x331
0x0,0x8d
0x0,0x331
0x0,0xfa
0x0,0x113
0x0,0x3b8
0x0,0xa1
0x0,0x331
0x0,0x3b4
0x0,0x8d
0x0,0x239
0x0,0x331
0x0,0x72
0x0,0x37d
0x0,0x356
0x0,0x331
0x0,0xa6
0x0,0x331
0x0,0x218
0x0,0xa6
0x0,0x72
0x0,0x37b
0x0,0x331
0x0,0x8d
0x0,0x331
0x0,0x331
0x0,0x1a2
0x0,0x72
0x0,0xb
0x0,0x72
0x0,0xe2
0x0,0x2e7
0x0,0x132
0x0,0x331
0x0,0x37f
0x0,0x8d
0x0,0x8d
0x0,0x8d
0x0,0x21f
0x0,0x37b
0x0,0xe4
0x0,0x331
0x0,0x3d2
0x0,0xe
0x0,0x72
0x0,0xbe
0x0,0x3b4
0x0,0x99
0x0,0x331
0x0,0x8d
0x0,0x331
0x0,0x2e7
0x0,0x331
0x0,0x2e4
0x0,0x18
0x0,0x331
0x0,0x331
0x0,0x72
0x0,0x36
0x0,0xe4
0x0,0x3b4
0x0,0x72
0x0,0x331
0x0,0x190
0x0,0x72
0x0,0x331
0x0,0x37b
0x0,0x37d
0x0,0x331
0x0,0x218
0x0,0x331
0x0,0x8d
0x0,0xe4
0x0,0x1bb
0x0,0x3b4
0x0,0x331
0x0,0x72
0x0,0x198
0x0,0x22c
0x0,0x12
0x0,0x3b4
0x0,0x72
0x0,0x331
0x0,0x72
0x0,0x331
0x0,0x1f1
0x0,0xbe
0x0,0x331
0x0,0x38f
0x0,0x8d
0x0,0x331
0x0,0x37d
0x0,0x72
0x0,0x331
0x0,0x1a2
0x0,0x331
0x0,0x331
0x0,0x331
0x0,0x30e
0x0,0x72
0x0,0x8d
0x0,0x37d
0x0,0x19b
0x0,0x331
0x0,0x36
0x0,0x37d
0x0,0x331
0x0,0x72
0x0,0x37d
0x0,0x331
0x0,0x25
0x0,0x331
0x0,0x3b4
0x0,0x331
0x0,0x22d
0x0,0xbe
0x0,0x331
0x0,0x99
0x0,0x154
0x0,0x331
0x0,0x331
0x0,0x37d
0x0,0x1e7
0x0,0x331
0x0,0x331
0x0,0xe4
0x0,0x36c
0x0,0x331
0x0,0x331
0x0,0x72
0x0,0xe4
0x0,0x8d
0x0,0x37b
0x0,0x37d
0x0,0x351
0x0,0x19b
0x0,0x1a2
0x0,0x72
0x0,0x331
0x0,0x355
0x0,0x2e7
0x0,0x331
0x0,0x178
0x0,0x331
0x0,0x331
0x0,0x331
0x0,0x138
0x0,0x37b
0x0,0x3b4
0x0,0x72
0x0,0x8d
0x0,0x3a4
0x0,0x331
0x0,0x37d
0x0,0x25
0x0,0x3ce
0x0,0xbe
0x0,0x331
0x0,0x72
0x0,0x3b4
0x0,0x331
0x0,0x72
0x0,0x3c2
0x0,0x37b
0x0,0x8d
0x0,0x3b4
0x0,0x8d
0x0,0x72
0x0,0x330
0x0,0x331
0x0,0x72
0x0,0x2fa
0x0,0x368
0x0,0xaa
0x0,0x218
0x0,0xe0
0x0,0x331
0x0,0x331
0x0,0xbe
0x0,0x72
0x0,0x190
0x0,0x331
0x0,0x331
0x0,0x72
0x0,0x331
0x0,0x72
0x0,0x1a2
0x0,0x37d
0x0,0x331
0x0,0x25
0x0,0xbe
0x0,0x36c
0x0,0x97
0x0,0x361
0x0,0x278
0x0,0x19b
0x0,0x190
0x0,0x37d
0x0,0x197
0x0,0x8d
0x0,0x72
0x0,0x37b
0x0,0x37b
0x0,0x331
0x0,0xbe
0x0,0x2dd
0x0,0x331
0x0,0x25
0x0,0x313
0x0,0x36
0x0,0x72
0x0,0x1b3
0x0,0x22d
0x0,0x19b
0x0,0x3b4
0x0,0x331
0x0,0x331
0x0,0x331
0x0,0x3b4
0x0,0x72
0x0,0x36c
0x0,0x72
0x0,0x275
0x0,0x331
0x0,0x2b4
0x0,0x331
0x0,0x331
0x0,0x331
0x0,0x331
0x0,0x331
0x0,0xc8
0x0,0x3d6
0x0,0x3b4
0x0,0xa6
0x0,0x37d
0x0,0x25
0x0,0x11f
0x0,0xbe
0x0,0x331
0x0,0xa1
0x0,0x37d
0x0,0x8d
0x0,0x3b4
0x0,0x331
0x0,0x12
0x0,0x134
0x0,0x37d
0x0,0x37b
0x0,0xea
0x0,0x25b
0x0,0x331
0x0,0x8d
0x0,0x37d
0x0,0x331
0x0,0x334
0x0,0x218
0x0,0x3b0
0x0,0x72
0x0,0x1db
0x0,0x1a2
0x0,0x37d
0x0,0x112
0x0,0x1ad
0x0,0x3b4
0x0,0x136
0x0,0xbe
0x0,0x72
0x0,0x199
0x0,0x37d
0x0,0x37d
0x0,0x72
0x0,0x67
0x0,0x331
0x0,0x37d
0x0,0xc3
0x0,0x3b8
0x0,0x331
0x0,0x331
0x0,0x8d
0x0,0xa6
0x0,0x5d
0x0,0x72
0x0,0x331
0x0,0x37d
0x0,0x331
0x0,0x331
0x0,0x218
0x0,0x331
0x0,0x72
0x0,0x331
0x0,0x113
0x0,0x218
0x0,0x183
0x0,0x12
0x0,0x331
0x0,0x37d
0x0,0x37d
0x0,0x331
0x0,0x75
0x0,0x331
0x0,0x72
0x0,0x246
0x0,0x25
0x0,0x3d8
0x0,0x3b4
0x0,0x37b
0x0,0x2dd
0x0,0x331
0x0,0x2fa
0x0,0x36
0x0,0x18
0x0,0x1db
0x0,0x331
0x0,0x3b4
0x0,0xe4
0x0,0xc8
0x0,0x37b
0x0,0x331
0x0,0x8d
0x0,0x331
0x0,0x8d
0x0,0x3ca
0x0,0x113
0x0,0x331
0x0,0x3b8
0x0,0x331
0x0,0x331
0x0,0x331
0x0,0xda
0x0,0x2e7
0x0,0x72
0x0,0x3b4
0x0,0x331
0x0,0x37d
0x0,0x25
0x0,0x331
0x0,0x37d
0x0,0x2e7
0x0,0x37b
0x0,0x331
0x0,0x331
0x0,0x25
0x0,0x72
0x0,0x331
0x0,0xbe
0x0,0x331
0x0,0x37b
0x0,0x331
0x0,0x3b4
0x0,0x1a2
0x0,0x331
0x0,0x21f
0x0,0x331
0x0,0x37d
0x0,0x175
0x0,0x72
0x0,0x331
0x0,0xe
0x0,0x1f1
0x0,0x72
0x0,0x3b8
0x0,0x3b4
0x0,0x218
0x0,0xbe
0x0,0x25
0x0,0x72
0x0,0x8d
0x0,0x331
0x0,0x37d
0x0,0xe0
0x0,0x37b
0x0,0x331
0x0,0x8d
0x0,0x331
0x0,0x331
0x0,0xc8
0x0,0x65
0x0,0x16f
0x0,0x373
0x0,0x67
0x0,0x39
0x0,0x331
0x0,0x331
0x0,0xb
0x0,0x1ce
0x0,0x72
0x0,0x3b4
0x0,0x36c
0x0,0x37b
0x0,0x225
0x0,0x331
0x0,0x18f
0x0,0x22d
0x0,0xbe
0x0,0x8d
0x0,0x331
0x0,0xc8
0x0,0xbe
0x0,0xc3
0x0,0x1db
0x0,0x331
0x0,0x22d
0x0,0x72
0x0,0x37b
0x0,0x218
0x0,0x1f1
0x0,0x331
0x0,0x331
0x0,0x218
0x0,0x331
0x0,0x331
0x0,0x331
0x0,0x331
0x0,0x331
0x0,0x331
0x0,0x3b4
0x0,0x20e
0x0,0x37b
0x0,0x31e
0x0,0x3b4
0x0,0x3b4
0x0,0x331
0x0,0x72
0x0,0xbe
0x0,0xbe
0x0,0x331
0x0,0x43
0x0,0x37d
0x0,0x64
0x0,0x1da
0x0,0x13c
0x0,0x72
0x0,0x37d
0x0,0x331
0x0,0x190
0x0,0x8
0x0,0x331
0x0,0xa6
0x0,0x331
0x0,0x331
0x0,0x260
0x0,0x8d
0x0,0x331
0x0,0x72
0x0,0x1b8
0x0,0x37d
0x0,0x72
0x0,0x72
0x0,0x37d
0x0,0x331
0x0,0x1d4
0x0,0x18
0x0,0x325
0x0,0xe4
0x0,0x331
0x0,0x16e
0x0,0x135
0x0,0x37d
0x0,0x37d
0x0,0x3b4
0x0,0xbe
0x0,0x72
0x0,0x1a2
0x0,0x21f
0x0,0xbe
0x0,0x99
0x0,0xe5
0x0,0x33b
0x0,0x331
0x0,0x331
0x0,0x141
0x0,0x75
0x0,0x12
0x0,0x331
0x0,0x72
0x0,0x37d
0x0,0x113
0x0,0x331
0x0,0x2dd
0x0,0x285
0x0,0x37d
0x0,0x18
0x0,0x331
0x0,0x2fa
0x0,0x331
0x0,0x57
0x0,0xd1
0x0,0x31e
0x0,0x37b
0x0,0x23c
0x0,0xa6
0x0,0x2fa
0x0,0x72
0x0,0x222
0x0,0x218
0x0,0x1a2
0x0,0x22c
0x0,0x37f
0x0,0x37d
0x0,0x331
0x0,0x331
0x0,0x331
0x0,0x89
0x0,0x218
0x0,0x27a
0x0,0x218
0x0,0x152
0x0,0x37d
0x0,0x331
0x0,0x331
0x0,0x37b
0x0,0xe4
0x0,0xff
0x0,0x1de
0x0,0x86
0x0,0x331
0x0,0x113
0x0,0xbe
0x0,0xe0
0x0,0x113
0x0,0xc3
0x0,0x8d
0x0,0x331
0x0,0x72
0x0,0x37b
0x0,0x37b
0x0,0xe4
0x0,0x18c
0x0,0x72
0x0,0x5d
0x0,0xe4
0x0,0x19b
0x0,0x72
0x0,0x72
0x0,0x3b8
0x0,0x37d
0x0,0x72
0x0,0x67
0x0,0x331
0x0,0x331
0x0,0x2e7
0x0,0x331
0x0,0x331
0x0,0x2fc
0x0,0x331
0x0,0xe4
0x0,0x8d
0x0,0x37d
0x0,0x8d
0x0,0x72
0x0,0x331
0x0,0x72
0x0,0x18
0x0,0x72
0x0,0x37d
0x0,0x15e
0x0,0xe4
0x0,0x331
0x0,0x1d4
0x0,0x8d
0x0,0x331
0x0,0x72
0x0,0xe2
0x0,0x72
0x0,0x331
0x0,0x113
0x0,0x331
0x0,0x12
0x0,0xe
0x0,0x218
0x0,0x331
0x0,0x331
0x0,0x99
0x0,0x331
0x0,0x72
0x0,0x72
0x0,0xc8
0x0,0x351
0x0,0x174
0x0,0x37d
0x0,0x183
0x0,0x331
0x0,0x331
0x0,0x331
0x0,0x1b3
0x0,0x331
0x0,0x2e7
0x0,0x72
0x0,0x1b3
0x0,0xe4
0x0,0x12
0x0,0x355
0x0,0x72
0x0,0x72
0x0,0x1b3
0x0,0x23d
0x0,0x72
0x0,0xe4
0x0,0x331
0x0,0x3b4
0x0,0x331
0x0,0x331
0x0,0x331
0x0,0x37d
0x0,0x331
0x0,0x2f4
0x0,0x3b4
0x0,0x331
0x0,0x26a
0x0,0x26a
0x0,0x76
0x0,0x117
0x0,0x1b2
0x0,0x198
0x0,0x378
0x0,0x117
0x0,0x316
0x0,0xee
0x0,0x117
0x0,0x2b3
0x0,0x1ec
0x0,0x69
0x0,0x117
0x0,0x1d
0x0,0x9b
0x0,0x22e
0x0,0xee
0x0,0x251
0x0,0x2e6
0x0,0x203
0x0,0x167
0x0,0x117
0x0,0x224
0x0,0x3b4
0x0,0x28c
0x0,0x117
0x0,0x117
0x0,0x26a
0x0,0x26a
0x0,0x1dd
0x0,0x117
0x0,0x55
0x0,0x117
0x0,0x26a
0x0,0x142
0x0,0x117
0x0,0x34e
0x0,0x69
0x0,0x117
0x0,0x26a
0x0,0x117
0x0,0x162
0x0,0x236
0x0,0x117
0x0,0x26a
0x0,0x179
0x0,0x203
0x0,0x1dd
0x0,0x1c6
0x0,0x117
0x0,0x117
0x0,0x2f4
0x0,0x22e
0x0,0x2c8
0x0,0x142
0x0,0x1dd
0x0,0x203
0x0,0x192
0x0,0x142
0x0,0x117
0x0,0x117
0x0,0x295
0x0,0x117
0x0,0x26a
0x0,0x9b
0x0,0x117
0x0,0x26a
0x0,0x117
0x0,0x117
0x0,0xe9
0x0,0x26a
0x0,0x117
0x0,0x117
0x0,0x167
0x0,0x1dd
0x0,0x2e3
0x0,0x142
0x0,0x26a
0x0,0x117
0x0,0x2e6
0x0,0x117
0x0,0x135
0x0,0x349
0x0,0x2ed
0x0,0x1dd
0x0,0x26a
0x0,0x1b9
0x0,0x117
0x0,0x142
0x0,0x1d4
0x0,0x117
0x0,0x117
0x0,0x2ab
0x0,0xee
0x0,0x117
0x0,0x26a
0x0,0x55
0x0,0xee
0x0,0x117
0x0,0x1dd
0x0,0x172
0x0,0x3e
0x0,0x142
0x0,0x224
0x0,0x29
0x0,0x117
0x0,0x117
0x0,0x55
0x0,0x28c
0x0,0x117
0x0,0x117
0x0,0x169
0x0,0x2b1
0x0,0x9b
0x0,0x117
0x0,0x26a
0x0,0xee
0x0,0x9b
0x0,0x228
0x0,0xe2
0x0,0x1f0
0x0,0x26a
0x0,0xf8
0x0,0x32c
0x0,0x1ec
0x0,0x203
0x0,0x26a
0x0,0x117
0x0,0x3b
0x0,0x25
0x0,0x1c6
0x0,0x117
0x0,0x213
0x0,0x1d1
0x0,0x117
0x0,0x368
0x0,0x117
0x0,0x294
0x0,0x2e6
0x0,0x117
0x0,0x117
0x0,0x1d4
0x0,0x117
0x0,0x117
0x0,0x117
0x0,0x290
0x0,0x117
0x0,0x1c9
0x0,0x117
0x0,0x1dd
0x0,0x117
0x0,0x224
0x0,0x117
0x0,0x3c0
0x0,0x117
0x0,0x9b
0x0,0x117
0x0,0x25
0x0,0x169
0x0,0x117
0x0,0x162
0x0,0x11b
0x0,0x117
0x0,0x117
0x0,0x117
0x0,0x9b
0x0,0x1eb
0x0,0x1c6
0x0,0x361
0x0,0x9b
0x0,0x2bb
0x0,0x1c6
0x0,0x1dd
0x0,0x9b
0x0,0x26a
0x0,0x3b
0x0,0x142
0x0,0x26a
0x0,0x117
0x0,0x33f
0x0,0x208
0x0,0x117
0x0,0x52
0x0,0x397
0x0,0x26a
0x0,0x117
0x0,0x117
0x0,0x5e
0x0,0x117
0x0,0x1ba
0x0,0x25b
0x0,0x117
0x0,0x47
0x0,0x26a
0x0,0x117
0x0,0x117
0x0,0x354
0x0,0x224
0x0,0x198
0x0,0x117
0x0,0x117
0x0,0x26a
0x0,0x26a
0x0,0x26a
0x0,0x117
0x0,0x9b
0x0,0x1f7
0x0,0x117
0x0,0x9b
0x0,0x167
0x0,0xbc
0x0,0x9b
0x0,0x142
0x0,0x1d4
0x0,0x117
0x0,0x69
0x0,0x77
0x0,0x117
0x0,0x198
0x0,0x117
0x0,0x117
0x0,0x117
0x0,0x9b
0x0,0x142
0x0,0x26a
0x0,0x142
0x0,0x167
0x0,0x142
0x0,0x298
0x0,0x117
0x0,0x117
0x0,0x9b
0x0,0x142
0x0,0x26a
0x0,0x117
0x0,0x203
0x0,0x117
0x0,0x128
0x0,0x203
0x0,0x16a
0x0,0x199
0x0,0x34b
0x0,0x208
0x0,0x218
0x0,0x340
0x0,0x224
0x0,0x9b
0x0,0xe9
0x0,0x117
0x0,0x117
0x0,0x26a
0x0,0x117
0x0,0x349
0x0,0x117
0x0,0x199
0x0,0x167
0x0,0xe9
0x0,0x9b
0x0,0x2c8
0x0,0x117
0x0,0x38c
0x0,0x21a
0x0,0x117
0x0,0x9b
0x0,0x26a
0x0,0x117
0x0,0x117
0x0,0x55
0x0,0x26a
0x0,0x26a
0x0,0x142
0x0,0xde
0x0,0x117
0x0,0x26a
0x0,0x117
0x0,0x208
0x0,0x203
0x0,0x117
0x0,0x2ed
0x0,0xf8
0x0,0x117
0x0,0x9b
0x0,0x198
0x0,0x117
0x0,0x9b
0x0,0x9b
0x0,0x203
0x0,0x142
0x0,0x224
0x0,0x26a
0x0,0x117
0x0,0x169
0x0,0x117
0x0,0x26a
0x0,0x69
0x0,0x349
0x0,0x228
0x0,0x117
0x0,0x277
0x0,0x26a
0x0,0x203
0x0,0x142
0x0,0xe9
0x0,0x1d4
0x0,0x1af
0x0,0x117
0x0,0x142
0x0,0x117
0x0,0x59
0x0,0x26a
0x0,0x117
0x0,0x167
0x0,0x117
0x0,0x5d
0x0,0x9b
0x0,0x2b3
0x0,0x9b
0x0,0x117
0x0,0x1fe
0x0,0x26a
0x0,0x243
0x0,0x1c6
0x0,0x3e6
0x0,0xbc
0x0,0x1cf
0x0,0x33e
0x0,0x117
0x0,0x117
0x0,0x117
0x0,0x117
0x0,0x1bc
0x0,0x117
0x0,0x1d4
0x0,0x31e
0x0,0x1dd
0x0,0x32e
0x0,0x117
0x0,0x9b
0x0,0x1c9
0x0,0x2c4
0x0,0x26a
0x0,0x3d4
0x0,0x181
0x0,0x55
0x0,0x117
0x0,0x208
0x0,0x117
0x0,0x3c7
0x0,0x117
0x0,0x2bb
0x0,0xe6
0x0,0x117
0x0,0x193
0x0,0xcc
0x0,0x28c
0x0,0x1dd
0x0,0x1d4
0x0,0x8f
0x0,0x117
0x0,0x69
0x0,0x22d
0x0,0x117
0x0,0x24a
0x0,0x117
0x0,0x124
0x0,0x117
0x0,0x117
0x0,0x27b
0x0,0x375
0x0,0x203
0x0,0x38c
0x0,0x60
0x0,0x117
0x0,0x142
0x0,0x117
0x0,0x117
0x0,0x9b
0x0,0x117
0x0,0x35
0x0,0x28c
0x0,0x9b
0x0,0x1bd
0x0,0x2c8
0x0,0x203
0x0,0x334
0x0,0x26a
0x0,0x117
0x0,0x9b
0x0,0x1ec
0x0,0xe9
0x0,0x26c
0x0,0x89
0x0,0x9b
0x0,0x142
0x0,0x2c8
0x0,0x142
0x0,0x2e6
0x0,0x117
0x0,0x1dd
0x0,0x167
0x0,0x69
0x0,0x1f0
0x0,0x9b
0x0,0x117
0x0,0xbb
0x0,0x55
0x0,0x9b
0x0,0xbc
0x0,0x117
0x0,0x142
0x0,0x30a
0x0,0x9b
0x0,0x117
0x0,0x1c9
0x0,0x169
0x0,0x166
0x0,0x349
0x0,0xae
0x0,0x198
0x0,0x117
0x0,0x359
0x0,0x35d
0x0,0x142
0x0,0x117
0x0,0x2c6
0x0,0xd6
0x0,0x250
0x0,0x3d7
0x0,0x117
0x0,0x281
0x0,0x2bf
0x0,0x1c6
0x0,0x52
0x0,0x117
0x0,0x9b
0x0,0x117
0x0,0x117
0x0,0x294
0x0,0x117
0x0,0x3b
0x0,0x117
0x0,0xf8
0x0,0x117
0x0,0x117
0x0,0x269
0x0,0x117
0x0,0x117
0x0,0x117
0x0,0x117
0x0,0xee
0x0,0x117
0x0,0x193
0x0,0x26a
0x0,0x26a
0x0,0x26a
0x0,0x1dd
0x0,0x26a
0x0,0x35d
0x0,0x26a
0x0,0x11a
0x0,0x1e4
0x0,0x117
0x0,0x117
0x0,0x1dd
0x0,0x9b
0x0,0xf8
0x0,0x117
0x0,0x1fe
0x0,0x26a
0x0,0x167
0x0,0x52
0x0,0x167
0x0,0x31b
0x0,0x26a
0x0,0x203
0x0,0x198
0x0,0x142
0x0,0x117
0x0,0x117
0x0,0x141
0x0,0x373
0x0,0x117
0x0,0x117
0x0,0x26a
0x0,0x1c6
0x0,0x28
0x0,0x35
0x0,0x117
0x0,0x349
0x0,0x117
0x0,0x208
0x0,0x1cf
0x0,0x117
0x0,0x142
0x0,0x13e
0x0,0x117
0x0,0x55
0x0,0xde
0x0,0x1f6
0x0,0x117
0x0,0x26a
0x0,0x1d4
0x0,0x31e
0x0,0x117
0x0,0x117
0x0,0x203
0x0,0x167
0x0,0x20c
0x0,0x117
0x0,0x213
0x0,0x69
0x0,0x55
0x0,0x208
0x0,0x26a
0x0,0x9b
0x0,0x38d
0x0,0x55
0x0,0x373
0x0,0x117
0x0,0x26a
0x0,0x117
0x0,0x69
0x0,0x26c
0x0,0x55
0x0,0x2bf
0x0,0x117
0x0,0x9b
0x0,0x117
0x0,0x2c8
0x0,0x117
0x0,0x48
0x0,0x117
0x0,0x26a
0x0,0x9b
0x0,0x26a
0x0,0x26a
0x0,0x117
0x0,0x26a
0x0,0x3cc
0x0,0x142
0x0,0x52
0x0,0x2e6
0x0,0x117
0x0,0x142
0x0,0x26a
0x0,0x27b
0x0,0x198
0x0,0x55
0x0,0x117
0x0,0x142
0x0,0x2e6
0x0,0x26a
0x0,0x28a
0x0,0x142
0x0,0x1dd
0x0,0x3d4
0x0,0x117
0x0,0x74
0x0,0x69
0x0,0x26a
0x0,0x1a7
0x0,0x117
0x0,0x10e
0x0,0x121
0x0,0x167
0x0,0x117
0x0,0x117
0x0,0x3c7
0x0,0x224
0x0,0xde
0x0,0x1f0
0x0,0x117
0x0,0x117
0x0,0xf8
0x0,0x26a
0x0,0x11
0x0,0x17f
0x0,0x117
0x0,0x26a
0x0,0x1a3
0x0,0x117
0x0,0x26a
0x0,0x117
0x0,0x117
0x0,0x26a
0x0,0x26a
0x0,0x2dd
0x0,0x26a
0x0,0x52
0x0,0x9b
0x0,0x68
0x0,0x117
0x0,0xb4
0x0,0x1cf
0x0,0x117
0x0,0x117
0x0,0x9b
0x0,0x203
0x0,0x55
0x0,0x142
0x0,0x117
0x0,0x117
0x0,0xee
0x0,0x117
0x0,0x117
0x0,0x117
0x0,0x203
0x0,0x203
0x0,0x117
0x0,0xe9
0x0,0x368
0x0,0x145
0x0,0x117
0x0,0x9b
0x0,0x1dd
0x0,0x117
0x0,0x55
0x0,0x117
0x0,0xe9
0x0,0x52
0x0,0x1ad
0x0,0xee
0x0,0x2a2
0x0,0x142
0x0,0x2b3
0x0,0x26a
0x0,0x112
0x0,0x167
0x0,0x117
0x0,0x27b
0x0,0x26a
0x0,0x2a2
0x0,0x9b
0x0,0x9b
0x0,0x117
0x0,0x15e
0x0,0x26a
0x0,0x117
0x0,0x117
0x0,0x117
0x0,0x117
0x0,0x55
0x0,0x224
0x0,0x117
0x0,0x9b
0x0,0x1d4
0x0,0xc6
0x0,0x37b
0x0,0x117
0x0,0x117
0x0,0x26a
0x0,0x117
0x0,0x167
0x0,0x30a
0x0,0x3c0
0x0,0x55
0x0,0x317
0x0,0x117
0x0,0x117
0x0,0x9b
0x0,0x142
0x0,0x25
0x0,0x224
0x0,0x117
0x0,0x198
0x0,0x117
0x0,0x142
0x0,0x117
0x0,0x25
0x0,0x142
0x0,0x1e8
0x0,0x117
0x0,0x117
0x0,0x117
0x0,0x117
0x0,0x22d
0x0,0x26a
0x0,0x117
0x0,0x26a
0x0,0xee
0x0,0x1dd
0x0,0x167
0x0,0x52
0x0,0x117
0x0,0x123
0x0,0x3e6
0x0,0x9b
0x0,0x69
0x0,0x26a
0x0,0x9b
0x0,0xe9
0x0,0x203
0x0,0x117
0x0,0x55
0x0,0x26a
0x0,0x117
0x0,0x117
0x0,0x203
0x0,0x117
0x0,0x31e
0x0,0x26a
0x0,0x2af
0x0,0x117
0x0,0xee
0x0,0x9b
0x0,0x117
0x0,0x3e6
0x0,0x225
0x0,0x117
0x0,0x117
0x0,0x117
0x0,0x38e
0x0,0x142
0x0,0x1dd
0x0,0x55
0x0,0x167
0x0,0x1d2
0x0,0x16a
0x0,0x117
0x0,0x26a
0x0,0x142
0x0,0x198
0x0,0x28c
0x0,0x117
0x0,0x117
0x0,0x2cd
0x0,0x375
0x0,0x117
0x0,0x117
0x0,0x117
0x0,0x9b
0x0,0x117
0x0,0x9b
0x0,0x26a
0x0,0x52
0x0,0x181
0x0,0x315
0x0,0x26a
0x0,0x117
0x0,0x26a
0x0,0x30
0x0,0x213
0x0,0x117
0x0,0xbc
0x0,0x217
0x0,0x268
0x0,0x142
0x0,0x117
0x0,0x198
0x0,0x117
0x0,0x117
0x0,0x384
0x0,0x117
0x0,0x354
0x0,0x117
0x0,0x55
0x0,0xe9
0x0,0x69
0x0,0x142
0x0,0xf1
0x0,0x198
0x0,0x2bf
0x0,0x31
0x0,0x1dd
0x0,0x117
0x0,0x117
0x0,0x38
0x0,0xf8
0x0,0x26a
0x0,0x117
0x0,0x26a
0x0,0x2e6
0x0,0x9b
0x0,0x277
0x0,0x9b
0x0,0x117
0x0,0x26a
0x0,0x1dd
0x0,0x9b
0x0,0x117
0x0,0x117
0x0,0x9b
0x0,0x26a
0x0,0x198
0x0,0x2e0
0x0,0x142
0x0,0x117
0x0,0x117
0x0,0x24
0x0,0x167
0x0,0x117
0x0,0x1dd
0x0,0x55
0x0,0x69
0x0,0x26a
0x0,0x117
0x0,0x26a
0x0,0x1dd
0x0,0x20f
0x0,0x2c8
0x0,0x26a
0x0,0x3b
0x0,0x308
0x0,0x224
0x0,0x167
0x0,0x117
0x0,0x69
0x0,0x2e0
0x0,0x26a
0x0,0x1dd
0x0,0x22
0x0,0x167
0x0,0x55
0x0,0x203
0x0,0x290
0x0,0x203
0x0,0x360
0x0,0x26a
0x0,0x9b
0x0,0x26a
0x0,0x117
0x0,0xe9
0x0,0x372
0x0,0x117
0x0,0x117
0x0,0x55
0x0,0x69
0x0,0x55
0x0,0x117
0x0,0x5e
0x0,0x117
0x0,0x31e
0x0,0x117
0x0,0x55
0x0,0x26a
0x0,0x258
0x0,0x26a
0x0,0x2a5
0x0,0x9b
0x0,0x26a
0x0,0x9b
0x0,0x193
0x0,0x117
0x0,0x117
0x0,0x69
0x0,0x203
0x0,0x9b
0x0,0x26a
0x0,0x1c6
0x0,0x26a
0x0,0x1b1
0x0,0x117
0x0,0x26a
0x0,0x55
0x0,0x1d4
0x0,0x19e
0x0,0x9b
0x0,0x198
0x0,0x117
0x0,0x1c9
0x0,0xee
0x0,0x9b
0x0,0x198
0x0,0x2ab
0x0,0x26a
0x0,0xcb
0x0,0x26a
0x0,0x2e6
0x0,0x22
0x0,0x2d8
0x0,0x26a
0x0,0x9b
0x0,0x55
0x0,0x28c
0x0,0x117
0x0,0x340
0x0,0x117
0x0,0xc7
0x0,0x25b
0x0,0x117
0x0,0x199
0x0,0x1c6
0x0,0x213
0x0,0x52
0x0,0x1dd
0x0,0x117
0x0,0x142
0x0,0x26a
0x0,0x26a
0x0,0x26a
0x0,0xf8
0x0,0x13f
0x0,0x297
0x0,0x9b
0x0,0x1dd
0x0,0x349
0x0,0x117
0x0,0x26a
0x0,0x55
0x0,0x25
0x0,0x1c6
0x0,0x52
0x0,0x9b
0x0,0x117
0x0,0x9b
0x0,0x1d4
0x0,0x26a
0x0,0x117
0x0,0x1fe
0x0,0x5e
0x0,0x117
0x0,0x117
0x0,0x142
0x0,0x69
0x0,0x22b
0x0,0x117
0x0,0xf8
0x0,0x117
0x0,0x142
0x0,0x117
0x0,0x224
0x0,0x203
0x0,0x18e
0x0,0x3d4
0x0,0x117
0x0,0x117
0x0,0x142
0x0,0x55
0x0,0xee
0x0,0x167
0x0,0x117
0x0,0x117
0x0,0x203
0x0,0x117
0x0,0x2a6
0x0,0x9b
0x0,0x203
0x0,0x26a
0x0,0x69
0x0,0x9b
0x0,0x1d4
0x0,0x117
0x0,0x26a
0x0,0x213
0x0,0x69
0x0,0x117
0x0,0x69
0x0,0x55
0x0,0x198
0x0,0x117
0x0,0x117
0x0,0x117
0x0,0xf8
0x0,0x117
0x0,0x142
0x0,0xde
0x0,0x1c6
0x0,0x117
0x0,0x5e
0x0,0x117
0x0,0x9b
0x0,0xb4
0x0,0x26a
0x0,0x354
0x0,0x311
0x0,0x316
0x0,0x218
0x0,0x22c
0x0,0x117
0x0,0x117
0x0,0x1dd
0x0,0x117
0x0,0x142
0x0,0x267
0x0,0x26c
0x0,0x19a
0x0,0x117
0x0,0x251
0x0,0x9b
0x0,0x26a
0x0,0x117
0x0,0x208
0x0,0x198
0x0,0x1dd
0x0,0x26a
0x0,0x208
0x0,0x117
0x0,0x340
0x0,0x316
0x0,0x2bf
0x0,0x9b
0x0,0x167
0x0,0x203
0x0,0x117
0x0,0x3b7
0x0,0x55
0x0,0x208
0x0,0x69
0x0,0x316
0x0,0xcc
0x0,0x198
0x0,0x26a
0x0,0x142
0x0,0x88
0x0,0x117
0x0,0x2ae
0x0,0x26a
0x0,0x203
0x0,0x142
0x0,0x117
0x0,0x1c9
0x0,0x117
0x0,0x117
0x0,0x167
0x0,0x117
0x0,0x142
0x0,0x117
0x0,0x69
0x0,0x38c
0x0,0x25c
0x0,0x117
0x0,0x3c0
0x0,0x117
0x0,0x203
0x0,0x117
0x0,0x142
0x0,0x203
0x0,0x117
0x0,0x1dd
0x0,0x69
0x0,0x35
0x0,0xbc
0x0,0x117
0x0,0x2e6
0x0,0x117
0x0,0x117
0x0,0x199
0x0,0x117
0x0,0x117
0x0,0x117
0x0,0x32f
0x0,0x2b3
0x0,0x238
0x0,0x26a
0x0,0x117
0x0,0x117
0x0,0x117
0x0,0x26a
0x0,0x3d2
0x0,0x117
0x0,0x1dd
0x0,0x1c9
0x0,0x26a
0x0,0x28c
0x0,0x1dd
0x0,0x203
0x0,0x142
0x0,0x142
0x0,0xe9
0x0,0x117
0x0,0x117
0x0,0x26a
0x0,0x142
0x0,0x3e2
0x0,0x28c
0x0,0x1eb
0x0,0xee
0x0,0x167
0x0,0x198
0x0,0x17c
0x0,0x117
0x0,0x368
0x0,0x1c6
0x0,0x203
0x0,0x26a
0x0,0x117
0x0,0x1cf
0x0,0x52
0x0,0x1d4
0x0,0x117
0x0,0x117
0x0,0x16a
0x0,0x167
0x0,0x2a6
0x0,0x167
0x0,0x1c6
0x0,0x117
0x0,0x55
0x0,0x26a
0x0,0x69
0x0,0x1dd
0x0,0xf8
0x0,0x117
0x0,0x52
0x0,0x26a
0x0,0x2b5
0x0,0x117
0x0,0x117
0x0,0x167
0x0,0xe9
0x0,0x1f9
0x0,0x117
0x0,0x117
0x0,0x26a
0x0,0x26a
0x0,0x117
0x0,0x1d4
0x0,0x1c6
0x0,0x26a
0x0,0x3d4
0x0,0x142
0x0,0x117
0x0,0x26a
0x0,0x2bf
0x0,0xc6
0x0,0x26a
0x0,0x349
0x0,0x224
0x0,0x117
0x0,0x167
0x0,0x1dd
0x0,0x117
0x0,0x198
0x0,0x26a
0x0,0x224
0x0,0x117
0x0,0x117
0x0,0x15e
0x0,0x264
0x0,0x38d
0x0,0x74
0x0,0x26a
0x0,0x239
0x0,0x26a
0x0,0x117
0x0,0x1dd
0x0,0x69
0x0,0x26a
0x0,0x167
0x0,0x142
0x0,0x117
0x0,0x117
0x0,0x33f
0x0,0x290
0x0,0x117
0x0,0x26a
0x0,0x1c6
0x0,0x117
0x0,0x14e
0x0,0x117
0x0,0x224
0x0,0x68
0x0,0x26a
0x0,0x2e6
0x0,0x203
0x0,0x55
0x0,0x117
0x0,0x353
0x0,0x203
0x0,0x1d4
0x0,0x9b
0x0,0x1cb
0x0,0x9b
0x0,0x3b5
0x0,0xe9
0x0,0x2eb
0x0,0x117
0x0,0x198
0x0,0x117
0x0,0x9b
0x0,0x117
0x0,0x193
0x0,0x289
0x0,0x2e6
0x0,0x117
0x0,0x117
0x0,0x9b
0x0,0x55
0x0,0x1d
0x0,0x117
0x0,0x249
0x0,0x69
0x0,0x3f
0x0,0x117
0x0,0x9b
0x0,0x5e
0x0,0x55
0x0,0x16a
0x0,0x117
0x0,0x167
0x0,0x117
0x0,0x142
0x0,0x1ba
0x0,0x142
0x0,0x2c8
0x0,0x117
0x0,0x142
0x0,0x1e4
0x0,0x117
0x0,0x9b
0x0,0x117
0x0,0xe9
0x0,0x26a
0x0,0x349
0x0,0x117
0x0,0x142
0x0,0x198
0x0,0x224
0x0,0x9b
0x0,0x117
0x0,0x3bd
0x0,0x117
0x0,0x26a
0x0,0x354
0x0,0x25a
0x0,0x55
0x0,0x117
0x0,0x315
0x0,0x117
0x0,0x117
0x0,0x1a5
0x0,0x52
0x0,0x117
0x0,0x26a
0x0,0x26a
0x0,0x17c
0x0,0x3b9
0x0,0x26a
0x0,0x2b3
0x0,0x117
0x0,0x117
0x0,0x1dd
0x0,0x6d
0x0,0x26a
0x0,0x7
0x0,0x117
0x0,0x224
0x0,0x167
0x0,0x117
0x0,0x142
0x0,0x55
0x0,0x1dd
0x0,0x117
0x0,0x117
0x0,0x117
0x0,0x117
0x0,0x26a
0x0,0x24d
0x0,0x69
0x0,0x55
0x0,0x30a
0x0,0x117
0x0,0x9b
0x0,0x1bf
0x0,0x58
0x0,0x52
0x0,0x117
0x0,0x1c9
0x0,0x142
0x0,0x117
0x0,0x9b
0x0,0x3b
0x0,0x22c
0x0,0x213
0x0,0x177
0x0,0x68
0x0,0x117
0x0,0x5e
0x0,0x1f0
0x0,0x3bd
0x0,0x1a3
0x0,0x142
0x0,0x117
0x0,0x262
0x0,0x117
0x0,0x117
0x0,0x1dd
0x0,0x117
0x0,0x28c
0x0,0x9b
0x0,0x9b
0x0,0x198
0x0,0x55
0x0,0x31e
0x0,0x26a
0x0,0x90
0x0,0x26a
0x0,0x9b
0x0,0x117
0x0,0x224
0x0,0x9b
0x0,0x24a
0x0,0x26a
0x0,0x26a
0x0,0x117
0x0,0x358
0x0,0x117
0x0,0x203
0x0,0x142
0x0,0x117
0x0,0x203
0x0,0x203
0x0,0x26a
0x0,0xcc
0x0,0xa4
0x0,0x55
0x0,0x3f
0x0,0x9b
0x0,0x1dd
0x0,0x375
0x0,0xde
0x0,0x117
0x0,0x117
0x0,0x31e
0x0,0x142
0x0,0x198
0x0,0x203
0x0,0xf8
0x0,0x117
0x0,0x55
0x0,0x117
0x0,0x117
0x0,0x28c
0x0,0x26a
0x0,0x117
0x0,0x55
0x0,0x52
0x0,0x30a
0x0,0x52
0x0,0x26a
0x0,0x117
0x0,0x203
0x0,0x34c
0x0,0x117
0x0,0x1c9
0x0,0x117
0x0,0x113
0x0,0x27b
0x0,0x2e6
0x0,0x117
0x0,0x26a
0x0,0x26a
0x0,0x117
0x0,0x117
0x0,0x35d
0x0,0x167
0x0,0x2b3
0x0,0x215
0x0,0x117
0x0,0x142
0x0,0x117
0x0,0x22c
0x0,0x198
0x0,0x26a
0x0,0x2bb
0x0,0x1dd
0x0,0x117
0x0,0x2e6
0x0,0x9b
0x0,0x117
0x0,0x203
0x0,0x117
0x0,0x117
0x0,0x117
0x0,0x142
0x0,0x33f
0x0,0x1dd
0x0,0xcc
0x0,0x26a
0x0,0x117
0x0,0x167
0x0,0x167
0x0,0x117
0x0,0x117
0x0,0x27b
0x0,0x167
0x0,0x26a
0x0,0x340
0x0,0x26a
0x0,0x224
0x0,0x1ae
0x0,0x2f4
0x0,0x26a
0x0,0x117
0x0,0x2b3
0x0,0x316
0x0,0x117
0x0,0x26a
0x0,0x117
0x0,0x386
0x0,0x26a
0x0,0x3c0
0x0,0x9b
0x0,0x142
0x0,0x117
0x0,0x117
0x0,0x1dd
0x0,0x1dd
0x0,0x142
0x0,0x26a
0x0,0x3b
0x0,0x142
0x0,0x26a
0x0,0x142
0x0,0xe9
0x0,0x9b
0x0,0x2e8
0x0,0x169
0x0,0x117
0x0,0x157
0x0,0x26a
0x0,0x142
0x0,0x1dd
0x0,0x276
0x0,0x1dd
0x0,0x31e
0x0,0x117
0x0,0x52
0x0,0x117
0x0,0x9b
0x0,0x142
0x0,0x198
0x0,0x1ba
0x0,0x9b
0x0,0x116
0x0,0x55
0x0,0x26a
0x0,0x117
0x0,0x117
0x0,0x203
0x0,0x180
0x0,0x117
0x0,0x26a
0x0,0x117
0x0,0xee
0x0,0x52
0x0,0xe9
0x0,0x39c
0x0,0x26a
0x0,0x55
0x0,0x117
0x0,0x117
0x0,0x52
0x0,0x167
0x0,0x98
0x0,0x9b
0x0,0x1d4
0x0,0x1dd
0x0,0x142
0x0,0x9b
0x0,0x117
0x0,0x1dd
0x0,0x117
0x0,0x26a
0x0,0x2d2
0x0,0x117
0x0,0x167
0x0,0x142
0x0,0x28e
0x0,0x26a
0x0,0x167
0x0,0x117
0x0,0x349
0x0,0x5a
0x0,0x117
0x0,0x26a
0x0,0x38d
0x0,0x2c8
0x0,0x117
0x0,0xe9
0x0,0x22a
0x0,0x117
0x0,0x1ba
0x0,0x26a
0x0,0x117
0x0,0x26a
0x0,0x1dd
0x0,0x117
0x0,0x1df
0x0,0x117
0x0,0x26a
0x0,0x117
0x0,0x142
0x0,0x69
0x0,0xee
0x0,0x117
0x0,0x9b
0x0,0x142
0x0,0x199
0x0,0x117
0x0,0x9b
0x0,0x23d
0x0,0x316
0x0,0xfd
0x0,0x31e
0x0,0x117
0x0,0x117
0x0,0x26c
0x0,0x117
0x0,0x1ac
0x0,0x117
0x0,0x290
0x0,0x117
0x0,0x117
0x0,0x117
0x0,0x26a
0x0,0x117
0x0,0x117
0x0,0x9b
0x0,0x117
0x0,0x26a
0x0,0x2e6
0x0,0x26a
0x0,0x167
0x0,0x117
0x0,0x54
0x0,0x349
0x0,0x26a
0x0,0x26a
0x0,0x26a
0x0,0x117
0x0,0x360
0x0,0x38e
0x0,0x117
0x0,0x113
0x0,0x117
0x0,0x26a
0x0,0x26a
0x0,0xc7
0x0,0x26a
0x0,0x117
0x0,0x52
0x0,0x1dd
0x0,0x25
0x0,0x142
0x0,0x52
0x0,0x193
0x0,0x36f
0x0,0xde
0x0,0x142
0x0,0x117
0x0,0x142
0x0,0x117
0x0,0x3d4
0x0,0x142
0x0,0x3c0
0x0,0x117
0x0,0x26a
0x0,0x9b
0x0,0x142
0x0,0x1dd
0x0,0x9b
0x0,0x9b
0x0,0x117
0x0,0x213
0x0,0x26a
0x0,0x117
0x0,0x117
0x0,0x167
0x0,0x142
0x0,0x224
0x0,0xbc
0x0,0xee
0x0,0x2c8
0x0,0x169
0x0,0x69
0x0,0x26a
0x0,0x375
0x0,0x117
0x0,0x35c
0x0,0x26a
0x0,0x3bd
0x0,0x55
0x0,0x117
0x0,0x117
0x0,0x117
0x0,0x26a
0x0,0x117
0x0,0x117
0x0,0x117
0x0,0x1dd
0x0,0x117
0x0,0x117
0x0,0x26a
0x0,0x1dd
0x0,0x37c
0x0,0x142
0x0,0x117
0x0,0x55
0x0,0x117
0x0,0x375
0x0,0x203
0x0,0x3d7
0x0,0xf7
0x0,0x117
0x0,0x167
0x0,0x9b
0x0,0x1dd
0x0,0x117
0x0,0x117
0x0,0x52
0x0,0x25a
0x0,0x9b
0x0,0x26a
0x0,0x117
0x0,0x26a
0x0,0x9b
0x0,0x9b
0x0,0x117
0x0,0x1c9
0x0,0x117
0x0,0x26a
0x0,0x9b
0x0,0x117
0x0,0x9b
0x0,0x117
0x0,0x142
0x0,0x3e6
0x0,0x18e
0x0,0x9b
0x0,0x1a
0x0,0x142
0x0,0x142
0x0,0x31e
0x0,0xe9
0x0,0x2fb
0x0,0x1ec
0x0,0x9b
0x0,0x8b
0x0,0x38d
0x0,0x1fe
0x0,0x117
0x0,0xee
0x0,0x142
0x0,0x5e
0x0,0x117
0x0,0x26a
0x0,0x113
0x0,0x3ac
0x0,0x1bb
0x0,0x237
0x0,0x117
0x0,0x117
0x0,0x203
0x0,0x117
0x0,0x26a
0x0,0x22
0x0,0x142
0x0,0x117
0x0,0x249
0x0,0x203
0x0,0x117
0x0,0x117
0x0,0x26a
0x0,0x9b
0x0,0x9b
0x0,0x9b
0x0,0x117
0x0,0xfd
0x0,0x26a
0x0,0x25b
0x0,0x117
0x0,0x181
0x0,0x9b
0x0,0x2c8
0x0,0x117
0x0,0x55
0x0,0x117
0x0,0x30a
0x0,0x117
0x0,0x269
0x0,0x9b
0x0,0x142
0x0,0x55
0x0,0x26a
0x0,0x117
0x0,0x26a
0x0,0x28c
0x0,0x2d8
0x0,0x117
0x0,0x3c5
0x0,0x9b
0x0,0x3e4
0x0,0x117
0x0,0x117
0x0,0x4a
0x0,0x203
0x0,0x117
0x0,0x9b
0x0,0x3c0
0x0,0x55
0x0,0x203
0x0,0x117
0x0,0x1d4
0x0,0x9b
0x0,0x117
0x0,0x268
0x0,0xe9
0x0,0x117
0x0,0x117
0x0,0x203
0x0,0x265
0x0,0x1dd
0x0,0x100
0x0,0x316
0x0,0x117
0x0,0x26a
0x0,0x117
0x0,0x117
0x0,0x117
0x0,0x9b
0x0,0x26a
0x0,0x27b
0x0,0x69
0x0,0x26a
0x0,0x77
0x0,0x142
0x0,0x117
0x0,0x26a
0x0,0x25
0x0,0x1d3
0x0,0x142
0x0,0x35c
0x0,0x318
0x0,0x26a
0x0,0x117
0x0,0x55
0x0,0x142
0x0,0x26a
0x0,0x117
0x0,0x1dd
0x0,0x33f
0x0,0x26a
0x0,0x117
0x0,0x316
0x0,0x9b
0x0,0x349
0x0,0x1dd
0x0,0x117
0x0,0x22b
0x0,0x142
0x0,0x117
0x0,0x167
0x0,0x26a
0x0,0x9b
0x0,0x117
0x0,0x117
0x0,0x117
0x0,0x26a
0x0,0x9b
0x0,0x26a
0x0,0x1cf
0x0,0x9b
0x0,0x203
0x0,0x26a
0x0,0xa9
0x0,0x117
0x0,0x9b
0x0,0x26a
0x0,0x55
0x0,0x26a
0x0,0x117
0x0,0x1dd
0x0,0x117
0x0,0x203
0x0,0x198
0x0,0x2d8
0x0,0x69
0x0,0x117
0x0,0x26a
0x0,0x117
0x0,0x203
0x0,0xc4
0x0,0x24e
0x0,0x354
0x0,0x213
0x0,0x33f
0x0,0x203
0x0,0x3c6
0x0,0x117
0x0,0x117
0x0,0x2e6
0x0,0x1d4
0x0,0x52
0x0,0x198
0x0,0x117
0x0,0x117
0x0,0x3d4
0x0,0x142
0x0,0x1dd
0x0,0x142
0x0,0x258
0x0,0x117
0x0,0x26a
0x0,0x117
0x0,0x224
0x0,0x117
0x0,0x117
0x0,0x26a
0x0,0x203
0x0,0x117
0x0,0x117
0x0,0x198
0x0,0x1dd
0x0,0x26a
0x0,0x1dd
0x0,0x117
0x0,0x117
0x0,0x1dd
0x0,0x9b
0x0,0x117
0x0,0x9b
0x0,0x117
0x0,0x117
0x0,0x30
0x0,0x117
0x0,0x1c6
0x0,0x9b
0x0,0x55
0x0,0x1cf
0x0,0x26a
0x0,0x142
0x0,0x2c8
0x0,0x1c6
0x0,0x117
0x0,0x9b
0x0,0x10
0x0,0x208
0x0,0x117
0x0,0x117
0x0,0x203
0x0,0x2e6
0x0,0xe9
0x0,0x26c
0x0,0x117
0x0,0x9b
0x0,0x332
0x0,0x45
0x0,0xf8
0x0,0x117
0x0,0x117
0x0,0x26a
0x0,0x1dd
0x0,0x117
0x0,0x26a
0x0,0x26a
0x0,0x9b
0x0,0x1dd
0x0,0x392
0x0,0x26a
0x0,0x203
0x0,0x15d
0x0,0x26a
0x0,0x141
0x0,0xde
0x0,0xd6
0x0,0x117
0x0,0xe9
0x0,0x26a
0x0,0x1bf
0x0,0x239
0x0,0x2eb
0x0,0xfd
0x0,0x26a
0x0,0x117
0x0,0x117
0x0,0x117
0x0,0x117
0x0,0x36d
0x0,0x55
0x0,0x26a
0x0,0x100
0x0,0xd6
0x0,0x117
0x0,0x52
0x0,0x1cf
0x0,0x52
0x0,0x117
0x0,0x209
0x0,0x203
0x0,0x117
0x0,0x167
0x0,0x368
0x0,0x117
0x0,0x117
0x0,0x117
0x0,0x213
0x0,0x117
0x0,0x9b
0x0,0x117
0x0,0x117
0x0,0x55
0x0,0x117
0x0,0x354
0x0,0x117
0x0,0x12e
0x0,0x1c6
0x0,0x2c8
0x0,0x203
0x0,0x1a1
0x0,0xe9
0x0,0x1b1
0x0,0x26a
0x0,0x117
0x0,0x26a
0x0,0x117
0x0,0x117
0x0,0x9b
0x0,0x26a
0x0,0x8c
0x0,0x26a
0x0,0x61
0x0,0x26a
0x0,0xb5
0x0,0x26a
0x0,0x1dd
0x0,0x55
0x0,0x2a
0x0,0x117
0x0,0x18e
0x0,0x117
0x0,0x342
0x0,0x117
0x0,0x117
0x0,0x9b
0x0,0x3c5
0x0,0x142
0x0,0x26a
0x0,0x3db
0x0,0x52
0x0,0x117
0x0,0x224
0x0,0x3e2
0x0,0xe9
0x0,0x198
0x0,0x198
0x0,0x117
0x0,0x117
0x0,0x224
0x0,0x20a
0x0,0x117
0x0,0x277
0x0,0x2a6
0x0,0x167
0x0,0x26a
0x0,0x69
0x0,0x26a
0x0,0x26a
0x0,0x117
0x0,0x117
0x0,0x26a
0x0,0x117
0x0,0x26a
0x0,0x117
0x0,0x117
0x0,0x2c8
0x0,0x117
0x0,0x26a
0x0,0x9b
0x0,0x205
0x0,0x182
0x0,0x31e
0x0,0x117
0x0,0x199
0x0,0x198
0x0,0x397
0x0,0x1c6
0x0,0x117
0x0,0x9b
0x0,0x1dd
0x0,0x2e6
0x0,0x37e
0x0,0x117
0x0,0x2ea
0x0,0x117
0x0,0x142
0x0,0x117
0x0,0x26a
0x0,0x2a
0x0,0x117
0x0,0xe9
0x0,0x9b
0x0,0x117
0x0,0x117
0x0,0x26a
0x0,0x117
0x0,0x117
0x0,0x117
0x0,0x1dd
0x0,0x9b
0x0,0x224
0x0,0x142
0x0,0x9b
0x0,0x117
0x0,0x349
0x0,0x224
0x0,0x1dd
0x0,0x26a
0x0,0x117
0x0,0x203
0x0,0x26a
0x0,0x117
0x0,0x316
0x0,0x26a
0x0,0x117
0x0,0x117
0x0,0x9b
0x0,0x69
0x0,0x26a
0x0,0x1dd
0x0,0x117
0x0,0x26a
0x0,0x26a
0x0,0x2b3
0x0,0xf5
0x0,0x26a
0x0,0xa5
0x0,0xcc
0x0,0x117
0x0,0x28c
0x0,0x142
0x0,0x2e6
0x0,0x26a
0x0,0x117
0x0,0x12a
0x0,0x117
0x0,0x117
0x0,0x213
0x0,0xee
0x0,0x117
0x0,0x117
0x0,0x55
0x0,0x55
0x0,0x117
0x0,0x198
0x0,0x203
0x0,0xd6
0x0,0x26a
0x0,0x117
0x0,0x9b
0x0,0xbc
0x0,0x117
0x0,0xe9
0x0,0x350
0x0,0x5e
0x0,0x117
0x0,0x117
0x0,0x9b
0x0,0x9b
0x0,0x117
0x0,0x117
0x0,0x117
0x0,0x2
0x0,0x3e4
0x0,0x117
0x0,0x142
0x0,0x26a
0x0,0x55
0x0,0x52
0x0,0x117
0x0,0x117
0x0,0x117
0x0,0x117
0x0,0x9b
0x0,0x123
0x0,0x26a
0x0,0x26a
0x0,0x117
0x0,0x117
0x0,0x25b
0x0,0x1ba
0x0,0x1dd
0x0,0x1e9
0x0,0x69
0x0,0x117
0x0,0x1c6
0x0,0x117
0x0,0x142
0x0,0x117
0x0,0x1d4
0x0,0x2c8
0x0,0x23d
0x0,0x9b
0x0,0x54
0x0,0x142
0x0,0x117
0x0,0x117
0x0,0x117
0x0,0x3b
0x0,0x9b
0x0,0x117
0x0,0x21c
0x0,0x117
0x0,0x117
0x0,0x3c7
0x0,0x26a
0x0,0x117
0x0,0x198
0x0,0x117
0x0,0x26a
0x0,0x117
0x0,0x117
0x0,0x26c
0x0,0x117
0x0,0x22
0x0,0x203
0x0,0x9b
0x0,0x117
0x0,0x117
0x0,0x193
0x0,0x2f4
0x0,0x117
0x0,0x16c
0x0,0x1dd
0x0,0x26a
0x0,0x198
0x0,0x5e
0x0,0x9b
0x0,0xf6
0x0,0x117
0x0,0x26a
0x0,0x9b
0x0,0x2c8
0x0,0x167
0x0,0x224
0x0,0x2e6
0x0,0x1c1
0x0,0x26a
0x0,0xb7
0x0,0x34d
0x0,0x163
0x0,0x9b
0x0,0x117
0x0,0x9b
0x0,0x26a
0x0,0x31e
0x0,0x142
0x0,0x1dd
0x0,0x224
0x0,0x117
0x0,0x2e6
0x0,0x117
0x0,0x26a
0x0,0x316
0x0,0x11c
0x0,0x117
0x0,0x55
0x0,0x2bf
0x0,0x117
0x0,0x27e
0x0,0x117
0x0,0x26a
0x0,0x162
0x0,0x2e6
0x0,0x9b
0x0,0x198
0x0,0x142
0x0,0x241
0x0,0x9b
0x0,0x21
0x0,0x52
0x0,0x117
0x0,0x117
0x0,0x117
0x0,0x25c
0x0,0x349
0x0,0x1dd
0x0,0x9b
0x0,0x2b3
0x0,0x117
0x0,0x224
0x0,0x9b
0x0,0x117
0x0,0x3e2
0x0,0x55
0x0,0x117
0x0,0x361
0x0,0x1d3
0x0,0x117
0x0,0x117
0x0,0x26a
0x0,0x1ec
0x0,0x117
0x0,0x28c
0x0,0x117
0x0,0x117
0x0,0x258
0x0,0x26a
0x0,0x117
0x0,0x26a
0x0,0x1dd
0x0,0x26a
0x0,0x142
0x0,0x142
0x0,0x117
0x0,0x36e
0x0,0x167
0x0,0x117
0x0,0x9b
0x0,0x3e6
0x0,0x26a
0x0,0x142
0x0,0x1c9
0x0,0x142
0x0,0x167
0x0,0xe9
0x0,0x1f2
0x0,0x267
0x0,0x203
0x0,0x117
0x0,0x117
0x0,0x117
0x0,0x117
0x0,0x1dd
0x0,0x55
0x0,0x117
0x0,0x26a
0x0,0x117
0x0,0x117
0x0,0x142
0x0,0x142
0x0,0xc7
0x0,0x3da
0x0,0x117
0x0,0x26a
0x0,0x213
0x0,0x117
0x0,0x33f
0x0,0x52
0x0,0x117
0x0,0x26a
0x0,0x117
0x0,0x117
0x0,0x208
0x0,0x69
0x0,0x26a
0x0,0x203
0x0,0x117
0x0,0x203
0x0,0x117
0x0,0x3c7
0x0,0x26a
0x0,0x117
0x0,0x2c8
0x0,0x213
0x0,0x117
0x0,0x117
0x0,0x117
0x0,0x26a
0x0,0x309
0x0,0x117
0x0,0x26a
0x0,0x117
0x0,0x117
0x0,0x235
0x0,0x117
0x0,0x117
0x0,0x203
0x0,0x1cf
0x0,0x199
0x0,0x117
0x0,0x117
0x0,0x117
0x0,0x224
0x0,0x203
0x0,0x261
0x0,0x198
0x0,0x117
0x0,0x193
0x0,0x224
0x0,0x357
0x0,0x142
0x0,0x55
0x0,0x117
0x0,0x198
0x0,0x3d4
0x0,0x2e6
0x0,0x117
0x0,0x9b
0x0,0x167
0x0,0x26a
0x0,0x117
0x0,0x117
0x0,0x9b
0x0,0xe9
0x0,0x1dd
0x0,0x203
0x0,0x26a
0x0,0x117
0x0,0x1c6
0x0,0x117
0x0,0x23e
0x0,0x117
0x0,0xbc
0x0,0x117
0x0,0x354
0x0,0x2b3
0x0,0x1dd
0x0,0x26a
0x0,0x26a
0x0,0x375
0x0,0x2ec
0x0,0x27b
0x0,0x208
0x0,0x117
0x0,0x3e2
0x0,0x169
0x0,0x117
0x0,0x52
0x0,0xd
0x0,0x167
0x0,0x117
0x0,0x117
0x0,0x117
0x0,0x117
0x0,0x117
0x0,0x117
0x0,0x117
0x0,0x313
0x0,0x1be
0x0,0x1d4
0x0,0x117
0x0,0x26a
0x0,0x1f3
0x0,0x379
0x0,0x1dd
0x0,0x3d4
0x0,0x117
0x0,0x2eb
0x0,0x117
0x0,0x117
0x0,0x203
0x0,0x167
0x0,0x117
0x0,0x55
0x0,0x69
0x0,0x117
0x0,0x275
0x0,0x117
0x0,0x117
0x0,0x354
0x0,0x69
0x0,0x55
0x0,0x9b
0x0,0x9b
0x0,0xee
0x0,0x27b
0x0,0x26a
0x0,0x117
0x0,0x3b
0x0,0x26a
0x0,0x117
0x0,0x117
0x0,0x26a
0x0,0x142
0x0,0x142
0x0,0x198
0x0,0x198
0x0,0x117
0x0,0x283
0x0,0x117
0x0,0x1dd
0x0,0x9b
0x0,0x55
0x0,0x119
0x0,0x55
0x0,0x117
0x0,0x397
0x0,0x349
0x0,0x36d
0x0,0x9b
0x0,0x117
0x0,0x117
0x0,0xe9
0x0,0x117
0x0,0x117
0x0,0x187
0x0,0x117
0x0,0x3c0
0x0,0x117
0x0,0x117
0x0,0x340
0x0,0x185
0x0,0x26a
0x0,0x198
0x0,0x55
0x0,0x1c6
0x0,0x9b
0x0,0x26a
0x0,0xc7
0x0,0x2eb
0x0,0x117
0x0,0x9b
0x0,0xe9
0x0,0x31e
0x0,0x1d1
0x0,0x117
0x0,0x27b
0x0,0x117
0x0,0x26a
0x0,0x117
0x0,0x142
0x0,0x167
0x0,0xde
0x0,0x117
0x0,0x2d8
0x0,0x117
0x0,0x117
0x0,0x69
0x0,0x224
0x0,0x2ec
0x0,0x1c9
0x0,0x117
0x0,0x1dd
0x0,0x203
0x0,0x117
0x0,0x9b
0x0,0x26a
0x0,0x117
0x0,0x26a
0x0,0x117
0x0,0x3d4
0x0,0x117
0x0,0x27b
0x0,0x66
0x0,0x117
0x0,0x9b
0x0,0x1b1
0x0,0x117
0x0,0xe9
0x0,0x117
0x0,0x213
0x0,0x2af
0x0,0x9b
0x0,0x26a
0x0,0x117
0x0,0x117
0x0,0x198
0x0,0x117
0x0,0x26a
0x0,0x142
0x0,0x2d1
0x0,0x1c9
0x0,0x26a
0x0,0x142
0x0,0x9b
0x0,0x208
0x0,0x26a
0x0,0x26c
0x0,0x1dd
0x0,0x117
0x0,0x31e
0x0,0x251
0x0,0x26a
0x0,0x117
0x0,0x12e
0x0,0x33f
0x0,0x1ec
0x0,0x26a
0x0,0x9b
0x0,0x26a
0x0,0x2cb
0x0,0x2e0
0x0,0x117
0x0,0x384
0x0,0x117
0x0,0x26a
0x0,0x113
0x0,0x9b
0x0,0x117
0x0,0x9b
0x0,0x26a
0x0,0x117
0x0,0x142
0x0,0x117
0x0,0xe9
0x0,0x31e
0x0,0x26a
0x0,0x2b3
0x0,0x224
0x0,0x203
0x0,0x117
0x0,0x117
0x0,0x117
0x0,0x117
0x0,0x117
0x0,0x9b
0x0,0x375
0x0,0x1dd
0x0,0x117
0x0,0x117
0x0,0x36f
0x0,0x1dd
0x0,0x268
0x0,0x1dd
0x0,0x117
0x0,0x52
0x0,0x117
0x0,0x117
0x0,0x117
0x0,0x1c6
0x0,0x2eb
0x0,0x25f
0x0,0x9b
0x0,0x1d
0x0,0x2c9
0x0,0x27b
0x0,0xcc
0x0,0x117
0x0,0xa9
0x0,0x69
0x0,0x26a
0x0,0x117
0x0,0x26a
0x0,0x117
0x0,0x26a
0x0,0xd6
0x0,0x9b
0x0,0x258
0x0,0x142
0x0,0x117
0x0,0x9b
0x0,0x26a
0x0,0x69
0x0,0x213
0x0,0x117
0x0,0x1f6
0x0,0x28c
0x0,0xee
0x0,0x117
0x0,0x26a
0x0,0x26a
0x0,0x1c9
0x0,0x117
0x0,0x1dd
0x0,0x2e0
0x0,0x52
0x0,0x193
0x0,0x26a
0x0,0x28d
0x0,0x117
0x0,0x27b
0x0,0x1d4
0x0,0x69
0x0,0x26a
0x0,0x117
0x0,0x224
0x0,0x117
0x0,0x15e
0x0,0x26a
0x0,0x117
0x0,0x1dd
0x0,0x167
0x0,0x26a
0x0,0x1c6
0x0,0x1b9
0x0,0x7e
0x0,0x117
0x0,0x9b
0x0,0x167
0x0,0x1dd
0x0,0x117
0x0,0x9b
0x0,0x26a
0x0,0x26a
0x0,0x69
0x0,0x9b
0x0,0x142
0x0,0x26a
0x0,0x117
0x0,0x142
0x0,0x2c8
0x0,0x142
0x0,0x142
0x0,0x117
0x0,0x14b
0x0,0x316
0x0,0x26a
0x0,0x26a
0x0,0x26a
0x0,0x69
0x0,0x142
0x0,0x142
0x0,0x117
0x0,0x117
0x0,0x26a
0x0,0x26a
0x0,0x117
0x0,0x1dd
0x0,0x26a
0x0,0x117
0x0,0xdd
0x0,0x117
0x0,0x31e
0x0,0x55
0x0,0x117
0x0,0x248
0x0,0x117
0x0,0x9b
0x0,0x26a
0x0,0x2bb
0x0,0x167
0x0,0x117
0x0,0x26a
0x0,0x55
0x0,0x2c8
0x0,0x396
0x0,0x117
0x0,0x26a
0x0,0x35d
0x0,0x26a
0x0,0x269
0x0,0x142
0x0,0x308
0x0,0x26a
0x0,0x69
0x0,0x117
0x0,0x117
0x0,0x9b
0x0,0x26a
0x0,0x26a
0x0,0x142
0x0,0x9b
0x0,0x117
0x0,0x26a
0x0,0x117
0x0,0x117
0x0,0x330
0x0,0x270
0x0,0x9b
0x0,0x117
0x0,0x3c0
0x0,0x1c9
0x0,0x35d
0x0,0x1dd
0x0,0x26a
0x0,0x117
0x0,0x37b
0x0,0x167
0x0,0x26a
0x0,0x117
0x0,0x69
0x0,0x117
0x0,0x7f
0x0,0x117
0x0,0x117
0x0,0x1dd
0x0,0x26a
0x0,0x117
0x0,0x2bf
0x0,0x26a
0x0,0x5e
0x0,0x340
0x0,0x142
0x0,0x117
0x0,0xe9
0x0,0x167
0x0,0x9b
0x0,0x352
0x0,0x167
0x0,0x203
0x0,0xbc
0x0,0x142
0x0,0x117
0x0,0x52
0x0,0x1dd
0x0,0xbc
0x0,0x198
0x0,0x9b
0x0,0xe9
0x0,0x9b
0x0,0x117
0x0,0x1cf
0x0,0x3da
0x0,0x26a
0x0,0x26a
0x0,0x9b
0x0,0x17c
0x0,0x117
0x0,0x26a
0x0,0x1dd
0x0,0x173
0x0,0x117
0x0,0x1be
0x0,0x1b1
0x0,0x117
0x0,0x167
0x0,0x117
0x0,0xe9
0x0,0x1dd
0x0,0x198
0x0,0x55
0x0,0x142
0x0,0x198
0x0,0x1dd
0x0,0x117
0x0,0x2e6
0x0,0x1d4
0x0,0x26a
0x0,0x121
0x0,0x26a
0x0,0x26a
0x0,0x117
0x0,0x117
0x0,0x340
0x0,0x117
0x0,0x3e4
0x0,0x117
0x0,0x1c3
0x0,0xfd
0x0,0x9b
0x0,0x26a
0x0,0x9b
0x0,0x9b
0x0,0x117
0x0,0x26a
0x0,0x26a
0x0,0x142
0x0,0x26a
0x0,0x9b
0x0,0x117
0x0,0x117
0x0,0xee
0x0,0x31e
0x0,0x193
0x0,0x3bd
0x0,0x3c0
0x0,0x22b
0x0,0x142
0x0,0xe9
0x0,0x117
0x0,0x2e1
0x0,0x26a
0x0,0x117
0x0,0x117
0x0,0x117
0x0,0x117
0x0,0x1dd
0x0,0x117
0x0,0x117
0x0,0x26a
0x0,0x26a
0x0,0x117
0x0,0x117
0x0,0x117
0x0,0x224
0x0,0x9b
0x0,0x26a
0x0,0x2cd
0x0,0x117
0x0,0x316
0x0,0x203
0x0,0x117
0x0,0xe9
0x0,0x26a
0x0,0x1b1
0x0,0x117
0x0,0x28c
0x0,0xe9
0x0,0x331
0x0,0x117
0x0,0x117
0x0,0x354
0x0,0x117
0x0,0x142
0x0,0x117
0x0,0x167
0x0,0x1dd
0x0,0x55
0x0,0xbc
0x0,0x3e6
0x0,0x52
0x0,0x26a
0x0,0x117
0x0,0xe9
0x0,0x117
0x0,0x26a
0x0,0x26a
0x0,0x167
0x0,0x2e6
0x0,0x26a
0x0,0x26a
0x0,0x142
0x0,0x198
0x0,0x117
0x0,0x9b
0x0,0x27b
0x0,0x251
0x0,0x28c
0x0,0x1dd
0x0,0x121
0x0,0x117
0x0,0x203
0x0,0x117
0x0,0x198
0x0,0x117
0x0,0x203
0x0,0x2ed
0x0,0x69
0x0,0x117
0x0,0x117
0x0,0x26a
0x0,0xe9
0x0,0x55
0x0,0x117
0x0,0x117
0x0,0x55
0x0,0x9b
0x0,0x117
0x0,0x117
0x0,0x224
0x0,0x293
0x0,0x1d4
0x0,0x117
0x0,0x26a
0x0,0xe9
0x0,0x117
0x0,0x203
0x0,0x26c
0x0,0x321
0x0,0x1dd
0x0,0x117
0x0,0x3c0
0x0,0x1c6
0x0,0x117
0x0,0x117
0x0,0x213
0x0,0x2ed
0x0,0x26a
0x0,0x117
0x0,0x117
0x0,0x203
0x0,0x142
0x0,0x1dd
0x0,0x117
0x0,0x1d4
0x0,0x1d4
0x0,0xcc
0x0,0x117
0x0,0x349
0x0,0x117
0x0,0x43
0x0,0x52
0x0,0x117
0x0,0x26a
0x0,0x25
0x0,0x2f4
0x0,0xff
0x0,0x243
0x0,0x117
0x0,0x26a
0x0,0x26a
0x0,0x117
0x0,0x26a
0x0,0x26a
0x0,0x2e6
0x0,0x206
0x0,0x26a
0x0,0x26a
0x0,0x142
0x0,0x117
0x0,0x142
0x0,0x117
0x0,0x2f6
0x0,0x117
0x0,0x9b
0x0,0x203
0x0,0x117
0x0,0x1d
0x0,0x117
0x0,0x117
0x0,0x117
0x0,0x117
0x0,0x117
0x0,0xee
0x0,0x26c
0x0,0xee
0x0,0x117
0x0,0x9b
0x0,0x26a
0x0,0x359
0x0,0x25
0x0,0x117
0x0,0x1dd
0x0,0x117
0x0,0x28c
0x0,0x117
0x0,0x349
0x0,0x117
0x0,0xbc
0x0,0x1bf
0x0,0x3c0
0x0,0x142
0x0,0x80
0x0,0x37b
0x0,0x249
0x0,0x142
0x0,0x117
0x0,0x9b
0x0,0x117
0x0,0x37
0x0,0x26a
0x0,0x1c6
0x0,0x142
0x0,0x26a
0x0,0x1eb
0x0,0x1dd
0x0,0x167
0x0,0x1ff
0x0,0x117
0x0,0x117
0x0,0x55
0x0,0x117
0x0,0xa9
0x0,0x117
0x0,0x117
0x0,0x117
0x0,0x55
0x0,0x55
0x0,0x26a
0x0,0x117
0x0,0x26a
0x0,0x3e4
0x0,0x198
0x0,0x27b
0x0,0x19e
0x0,0x203
0x0,0x203
0x0,0x1dd
0x0,0x117
0x0,0x117
0x0,0x26a
0x0,0x9b
0x0,0x52
0x0,0x52
0x0,0xf8
0x0,0x1d4
0x0,0x1dd
0x0,0x26a
0x0,0x117
0x0,0x26a
0x0,0x117
0x0,0x117
0x0,0x9b
0x0,0x208
0x0,0x9b
0x0,0x2c8
0x0,0x52
0x0,0x117
0x0,0x375
0x0,0x349
0x0,0x349
0x0,0x9b
0x0,0x117
0x0,0x117
0x0,0x203
0x0,0x142
0x0,0x117
0x0,0x117
0x0,0x117
0x0,0x22c
0x0,0x52
0x0,0x117
0x0,0x167
0x0,0x117
0x0,0x142
0x0,0x26a
0x0,0x181
0x0,0x117
0x0,0x316
0x0,0x117
0x0,0x65
0x0,0x142
0x0,0x117
0x0,0x224
0x0,0x26a
0x0,0x26a
0x0,0x1eb
0x0,0x117
0x0,0x117
0x0,0x26a
0x0,0x349
0x0,0x9b
0x0,0x1c6
0x0,0x213
0x0,0x322
0x0,0x117
0x0,0x142
0x0,0x117
0x0,0x31e
0x0,0x117
0x0,0x117
0x0,0x69
0x0,0x26a
0x0,0x1d4
0x0,0x9b
0x0,0x117
0x0,0x26a
0x0,0x32a
0x0,0x32a
0x0,0xdd
0x0,0x396
0x0,0x29d
0x0,0xa2
0x0,0x32a
0x0,0x369
0x0,0x32a
0x0,0x1b9
0x0,0x29b
0x0,0x32a
0x0,0x32a
0x0,0x369
0x0,0x32a
0x0,0x32a
0x0,0x369
0x0,0x2f0
0x0,0x2d4
0x0,0x3ad
0x0,0xa4
0x0,0x32a
0x0,0x32a
0x0,0x29b
0x0,0x275
0x0,0x32a
0x0,0x32a
0x0,0x369
0x0,0x3ad
0x0,0x57
0x0,0x32a
0x0,0x22f
0x0,0x9e
0x0,0x32a
0x0,0x2e2
0x0,0x2be
0x0,0x32a
0x0,0x32a
0x0,0x9e
0x0,0x57
0x0,0x369
0x0,0x369
0x0,0x3a4
0x0,0xa4
0x0,0x57
0x0,0x371
0x0,0x10c
0x0,0x369
0x0,0xa4
0x0,0x265
0x0,0x3ad
0x0,0x32a
0x0,0x127
0x0,0x369
0x0,0x229
0x0,0x32a
0x0,0x39b
0x0,0x32a
0x0,0x29d
0x0,0x3ad
0x0,0xe
0x0,0xd8
0x0,0x21
0x0,0x29d
0x0,0x3b6
0x0,0xc6
0x0,0xda
0x0,0x2c6
0x0,0x9e
0x0,0x16e
0x0,0x3b9
0x0,0x57
0x0,0x28a
0x0,0x32a
0x0,0x32a
0x0,0x32a
0x0,0x57
0x0,0xa2
0x0,0x10d
0x0,0x369
0x0,0x262
0x0,0x32a
0x0,0x369
0x0,0x245
0x0,0x2da
0x0,0x3ad
0x0,0x29d
0x0,0x2e2
0x0,0x57
0x0,0x32a
0x0,0x290
0x0,0x32a
0x0,0x369
0x0,0x32a
0x0,0x390
0x0,0x32a
0x0,0x290
0x0,0x21c
0x0,0x279
0x0,0x32a
0x0,0x290
0x0,0x369
0x0,0x32a
0x0,0x191
0x0,0x369
0x0,0x369
0x0,0x32a
0x0,0x32a
0x0,0xda
0x0,0x32a
0x0,0x12d
0x0,0x36e
0x0,0x1e5
0x0,0x2c0
0x0,0x15d
0x0,0x32a
0x0,0x10a
0x0,0x32a
0x0,0x32a
0x0,0x369
0x0,0x57
0x0,0x11b
0x0,0xa4
0x0,0x379
0x0,0x32a
0x0,0x19
0x0,0x57
0x0,0x369
0x0,0x245
0x0,0x25b
0x0,0x369
0x0,0x369
0x0,0x32a
0x0,0x369
0x0,0x1b4
0x0,0x9e
0x0,0x15d
0x0,0x3ad
0x0,0x25b
0x0,0x32a
0x0,0x11b
0x0,0x3ac
0x0,0x32a
0x0,0x201
0x0,0x57
0x0,0x32a
0x0,0x369
0x0,0x2a
0x0,0x3ad
0x0,0x9e
0x0,0x32a
0x0,0x221
0x0,0x369
0x0,0x11b
0x0,0x3ad
0x0,0x365
0x0,0x29d
0x0,0x3ac
0x0,0x369
0x0,0x89
0x0,0x1fc
0x0,0x245
0x0,0x31d
0x0,0x369
0x0,0x32a
0x0,0xe5
0x0,0x57
0x0,0x32a
0x0,0x290
0x0,0x32a
0x0,0x11b
0x0,0x110
0x0,0x9e
0x0,0x11b
0x0,0xa4
0x0,0x29d
0x0,0x2e
0x0,0x369
0x0,0x369
0x0,0x32a
0x0,0x32a
0x0,0x369
0x0,0x4
0x0,0x32a
0x0,0x245
0x0,0x14f
0x0,0x229
0x0,0x317
0x0,0x47
0x0,0x32a
0x0,0x32a
0x0,0x3ad
0x0,0x21c
0x0,0x11b
0x0,0x369
0x0,0x32a
0x0,0x32a
0x0,0x32a
0x0,0x3ad
0x0,0x29d
0x0,0x1b4
0x0,0x32a
0x0,0x369
0x0,0x4c
0x0,0x1b4
0x0,0xd5
0x0,0x3ad
0x0,0x1bb
0x0,0xa2
0x0,0x57
0x0,0x3ad
0x0,0x57
0x0,0x32a
0x0,0x32a
0x0,0x369
0x0,0x32a
0x0,0x1d4
0x0,0x290
0x0,0xa2
0x0,0x1e4
0x0,0x9e
0x0,0x17d
0x0,0x3ad
0x0,0xdd
0x0,0x29d
0x0,0x32a
0x0,0x2be
0x0,0x3ad
0x0,0x3ad
0x0,0x1d
0x0,0x32a
0x0,0x369
0x0,0x245
0x0,0x32a
0x0,0x234
0x0,0x32a
0x0,0x2e6
0x0,0xa4
0x0,0xd0
0x0,0x32a
0x0,0x9e
0x0,0x28d
0x0,0x32a
0x0,0xa4
0x0,0x3ad
0x0,0x32a
0x0,0x29d
0x0,0x369
0x0,0xdd
0x0,0x369
0x0,0x32a
0x0,0x9e
0x0,0x3d1
0x0,0x32a
0x0,0x32a
0x0,0x11b
0x0,0x241
0x0,0x147
0x0,0xdd
0x0,0x1e5
0x0,0x2e2
0x0,0x57
0x0,0x10d
0x0,0x32a
0x0,0x11b
0x0,0x57
0x0,0x369
0x0,0x32a
0x0,0x142
0x0,0x2e2
0x0,0x32a
0x0,0x32d
0x0,0x369
0x0,0x57
0x0,0x32a
0x0,0x60
0x0,0x1ed
0x0,0x32a
0x0,0x136
0x0,0x1a2
0x0,0x3c9
0x0,0x64
0x0,0x32a
0x0,0x2b7
0x0,0x3ad
0x0,0x8c
0x0,0x245
0x0,0xda
0x0,0x1c6
0x0,0x32a
0x0,0x32a
0x0,0x35b
0x0,0x32a
0x0,0x57
0x0,0x290
0x0,0x32a
0x0,0xa4
0x0,0x32a
0x0,0x11b
0x0,0x229
0x0,0x32a
0x0,0x369
0x0,0x369
0x0,0x2be
0x0,0xe7
0x0,0x136
0x0,0x11b
0x0,0x3ad
0x0,0x16a
0x0,0x369
0x0,0x32a
0x0,0x2e1
0x0,0x32a
0x0,0x369
0x0,0x369
0x0,0x66
0x0,0x32a
0x0,0x3ad
0x0,0x171
0x0,0x32a
0x0,0x32a
0x0,0x29d
0x0,0x290
0x0,0x290
0x0,0x32a
0x0,0x369
0x0,0x1b4
0x0,0xdd
0x0,0x369
0x0,0x3ad
0x0,0x1a9
0x0,0x32a
0x0,0x32a
0x0,0x3a5
0x0,0x29d
0x0,0x369
0x0,0x11b
0x0,0x17a
0x0,0x3ad
0x0,0x17d
0x0,0x32a
0x0,0x32a
0x0,0x32a
0x0,0x32a
0x0,0x3ad
0x0,0x229
0x0,0x32a
0x0,0x32a
0x0,0x369
0x0,0xdd
0x0,0xd0
0x0,0x32a
0x0,0x141
0x0,0x32a
0x0,0x32a
0x0,0x32a
0x0,0x369
0x0,0xdd
0x0,0x372
0x0,0x33c
0x0,0x1e5
0x0,0x57
0x0,0x89
0x0,0x18f
0x0,0x25b
0x0,0x2b7
0x0,0x213
0x0,0x3ad
0x0,0x3ad
0x0,0x57
0x0,0x1fc
0x0,0x29d
0x0,0x32a
0x0,0x290
0x0,0x3ad
0x0,0x229
0x0,0x1e4
0x0,0x288
0x0,0x186
0x0,0xda
0x0,0x32a
0x0,0x226
0x0,0x11b
0x0,0x1a2
0x0,0x32a
0x0,0xdd
0x0,0x32a
0x0,0x32a
0x0,0x32a
0x0,0x32a
0x0,0x125
0x0,0x32a
0x0,0x369
0x0,0x3a4
0x0,0x32a
0x0,0x3ad
0x0,0x369
0x0,0x369
0x0,0x32a
0x0,0x32a
0x0,0x369
0x0,0x1bf
0x0,0x32a
0x0,0x32a
0x0,0x369
0x0,0x32a
0x0,0x229
0x0,0x32a
0x0,0x24
0x0,0x186
0x0,0x3ad
0x0,0x32a
0x0,0xdd
0x0,0x57
0x0,0x32a
0x0,0x229
0x0,0x11b
0x0,0x348
0x0,0x57
0x0,0x369
0x0,0x122
0x0,0xda
0x0,0x32a
0x0,0x32a
0x0,0x32a
0x0,0x32a
0x0,0x279
0x0,0xf4
0x0,0x369
0x0,0x3e3
0x0,0x369
0x0,0x257
0x0,0x1f8
0x0,0x3ad
0x0,0x369
0x0,0x197
0x0,0x32a
0x0,0x29d
0x0,0x25b
0x0,0x290
0x0,0x369
0x0,0x369
0x0,0x369
0x0,0xda
0x0,0x32a
0x0,0x25b
0x0,0x32a
0x0,0x16a
0x0,0x32a
0x0,0x32a
0x0,0x2ca
0x0,0x10e
0x0,0x2e2
0x0,0x32a
0x0,0x1d8
0x0,0x32a
0x0,0x2da
0x0,0x369
0x0,0x57
0x0,0xdd
0x0,0x32a
0x0,0x1b4
0x0,0x32a
0x0,0x11b
0x0,0x32a
0x0,0x369
0x0,0x2ee
0x0,0x32a
0x0,0x32a
0x0,0x57
0x0,0x32a
0x0,0x32a
0x0,0x32a
0x0,0x32a
0x0,0x32a
0x0,0x32a
0x0,0xda
0x0,0x32a
0x0,0x3ad
0x0,0x369
0x0,0x229
0x0,0x369
0x0,0x32a
0x0,0x57
0x0,0x32a
0x0,0x369
0x0,0x25b
0x0,0x369
0x0,0x3ad
0x0,0x369
0x0,0x32a
0x0,0xda
0x0,0x32a
0x0,0x89
0x0,0x32a
0x0,0x32a
0x0,0x36e
0x0,0x28a
0x0,0x32a
0x0,0x2be
0x0,0x32a
0x0,0x3ad
0x0,0x1ed
0x0,0x369
0x0,0x32a
0x0,0x9e
0x0,0x369
0x0,0x32a
0x0,0x11b
0x0,0x32a
0x0,0x11b
0x0,0x32a
0x0,0x369
0x0,0x369
0x0,0x32a
0x0,0x226
0x0,0x369
0x0,0x57
0x0,0x57
0x0,0x1e5
0x0,0x2f3
0x0,0x32a
0x0,0x369
0x0,0x3ad
0x0,0x290
0x0,0x191
0x0,0x397
0x0,0x32a
0x0,0x2e
0x0,0x57
0x0,0x3ad
0x0,0x89
0x0,0x32a
0x0,0x11b
0x0,0x32a
0x0,0x32a
0x0,0x32a
0x0,0x32a
0x0,0x32a
0x0,0x32a
0x0,0x369
0x0,0x9e
0x0,0x32a
0x0,0x32a
0x0,0x245
0x0,0x1ec
0x0,0x32a
0x0,0x89
0x0,0x1b4
0x0,0x369
0x0,0x3ad
0x0,0x29d
0x0,0x369
0x0,0x369
0x0,0x2be
0x0,0x1f5
0x0,0x32a
0x0,0x32a
0x0,0x32a
0x0,0x369
0x0,0x32a
0x0,0x142
0x0,0x33a
0x0,0x3ad
0x0,0x265
0x0,0x32a
0x0,0x32a
0x0,0x32a
0x0,0x32a
0x0,0x3ad
0x0,0x57
0x0,0x257
0x0,0x32a
0x0,0x32a
0x0,0x32a
0x0,0x66
0x0,0x9e
0x0,0x369
0x0,0x32a
0x0,0x11b
0x0,0x32a
0x0,0x32a
0x0,0x369
0x0,0x32a
0x0,0x32a
0x0,0x3dd
0x0,0x32a
0x0,0x32a
0x0,0x32a
0x0,0x32a
0x0,0xdd
0x0,0xdd
0x0,0xa4
0x0,0x57
0x0,0x32a
0x0,0x262
0x0,0x11b
0x0,0x32a
0x0,0x266
0x0,0x29d
0x0,0x369
0x0,0x11b
0x0,0x32a
0x0,0x238
0x0,0x32a
0x0,0x29d
0x0,0x369
0x0,0x2fb
0x0,0x191
0x0,0x32a
0x0,0xcd
0x0,0x11b
0x0,0x32a
0x0,0x29d
0x0,0x3a4
0x0,0x369
0x0,0x9e
0x0,0x32a
0x0,0xdd
0x0,0x11b
0x0,0x32a
0x0,0x2b0
0x0,0x25b
0x0,0x32a
0x0,0x191
0x0,0x3ad
0x0,0x109
0x0,0x3b1
0x0,0x20b
0x0,0x3c2
0x0,0x32a
0x0,0x10a
0x0,0x32a
0x0,0x36e
0x0,0x32a
0x0,0x11b
0x0,0x32a
0x0,0x32a
0x0,0x57
0x0,0x32a
0x0,0x32a
0x0,0x32a
0x0,0x369
0x0,0x290
0x0,0x2e
0x0,0xa4
0x0,0x57
0x0,0x32a
0x0,0xa2
0x0,0x2be
0x0,0x106
0x0,0x32a
0x0,0x369
0x0,0x32a
0x0,0x32a
0x0,0x14c
0x0,0x9e
0x0,0x18d
0x0,0x369
0x0,0x32a
0x0,0x369
0x0,0x2f1
0x0,0x29d
0x0,0x32a
0x0,0x369
0x0,0x395
0x0,0xdd
0x0,0x147
0x0,0x32a
0x0,0x3ad
0x0,0x193
0x0,0x245
0x0,0x38f
0x0,0xcc
0x0,0x369
0x0,0x32a
0x0,0x369
0x0,0x11b
0x0,0x32a
0x0,0x2be
0x0,0x9e
0x0,0x393
0x0,0x369
0x0,0x32a
0x0,0x11b
0x0,0x89
0x0,0xa2
0x0,0x32a
0x0,0x279
0x0,0x369
0x0,0x57
0x0,0x32a
0x0,0x32a
0x0,0x32a
0x0,0x32a
0x0,0x32a
0x0,0x32a
0x0,0x3a0
0x0,0x3ad
0x0,0x19d
0x0,0xcb
0x0,0x25b
0x0,0x396
0x0,0x3ad
0x0,0x32a
0x0,0x3ad
0x0,0x1b7
0x0,0x32a
0x0,0x113
0x0,0x3e3
0x0,0x1a2
0x0,0x3ad
0x0,0x369
0x0,0x186
0x0,0xa4
0x0,0x380
0x0,0x32a
0x0,0x184
0x0,0x3ad
0x0,0x136
0x0,0x11b
0x0,0x369
0x0,0x1b4
0x0,0xdd
0x0,0x3ad
0x0,0x3ad
0x0,0x3ad
0x0,0x32a
0x0,0x369
0x0,0x57
0x0,0x32a
0x0,0x32a
0x0,0x191
0x0,0xdd
0x0,0x32a
0x0,0x369
0x0,0x32a
0x0,0x99
0x0,0x3ad
0x0,0xda
0x0,0x3ad
0x0,0x29d
0x0,0x32a
0x0,0x369
0x0,0x369
0x0,0xd3
0x0,0x31d
0x0,0x32a
0x0,0x29d
0x0,0x32a
0x0,0x229
0x0,0x1ed
0x0,0x31d
0x0,0x369
0x0,0x282
0x0,0x369
0x0,0x2aa
0x0,0x39c
0x0,0x369
0x0,0xda
0x0,0x211
0x0,0x57
0x0,0x33c
0x0,0x32a
0x0,0x32a
0x0,0x32a
0x0,0x23f
0x0,0x1ed
0x0,0x60
0x0,0x332
0x0,0x279
0x0,0xd5
0x0,0x18b
0x0,0x32a
0x0,0x32a
0x0,0x9e
0x0,0x29d
0x0,0x32a
0x0,0x2d
0x0,0x32a
0x0,0x11b
0x0,0x1d7
0x0,0x3ad
0x0,0x290
0x0,0x15a
0x0,0x9e
0x0,0x19
0x0,0x32a
0x0,0x369
0x0,0x13f
0x0,0x32a
0x0,0x21
0x0,0x57
0x0,0x3ad
0x0,0x22b
0x0,0x9e
0x0,0x57
0x0,0x1ed
0x0,0x32a
0x0,0x369
0x0,0x17d
0x0,0x3e3
0x0,0x20b
0x0,0x3ad
0x0,0xda
0x0,0x11e
0x0,0x290
0x0,0x2a
0x0,0x32a
0x0,0x32a
0x0,0xda
0x0,0x57
0x0,0x3ad
0x0,0x290
0x0,0x142
0x0,0x32a
0x0,0xa2
0x0,0x32a
0x0,0x3ad
0x0,0xaf
0x0,0x18b
0x0,0x29d
0x0,0x20e
0x0,0xa2
0x0,0x9e
0x0,0x8e
0x0,0x57
0x0,0x309
0x0,0x32a
0x0,0x127
0x0,0xa4
0x0,0x1e5
0x0,0xd9
0x0,0x18b
0x0,0x15a
0x0,0x32a
0x0,0x144
0x0,0x1b9
0x0,0x32a
0x0,0x32a
0x0,0x369
0x0,0x11b
0x0,0x369
0x0,0x369
0x0,0x3ad
0x0,0x2b7
0x0,0x186
0x0,0x1e5
0x0,0x32a
0x0,0x10d
0x0,0x11b
0x0,0x89
0x0,0xd0
0x0,0x35d
0x0,0x316
0x0,0x32a
0x0,0x369
0x0,0x136
0x0,0x32a
0x0,0x32a
0x0,0x260
0x0,0x3ad
0x0,0x369
0x0,0x3ad
0x0,0xa2
0x0,0x29d
0x0,0x32a
0x0,0x3ad
0x0,0x29d
0x0,0x29d
0x0,0x136
0x0,0x3ad
0x0,0x32a
0x0,0x32a
0x0,0x89
0x0,0x9e
0x0,0x369
0x0,0xfe
0x0,0x369
0x0,0x32a
0x0,0x3ad
0x0,0xa4
0x0,0x29d
0x0,0xa4
0x0,0x35b
0x0,0x211
0x0,0xa4
0x0,0x12d
0x0,0x32a
0x0,0x32a
0x0,0x11b
0x0,0x32a
0x0,0x290
0x0,0x369
0x0,0x32a
0x0,0x32a
0x0,0x290
0x0,0x9f
0x0,0x1a2
0x0,0x1fc
0x0,0x57
0x0,0x2e2
0x0,0x25e
0x0,0x32a
0x0,0x32a
0x0,0x290
0x0,0x34f
0x0,0x99
0x0,0x89
0x0,0x32a
0x0,0xda
0x0,0x3ad
0x0,0x237
0x0,0x32a
0x0,0xd0
0x0,0x32a
0x0,0x3ad
0x0,0x32a
0x0,0x279
0x0,0x32a
0x0,0x32a
0x0,0x32a
0x0,0x25f
0x0,0x369
0x0,0x369
0x0,0x290
0x0,0x32a
0x0,0x29d
0x0,0x32a
0x0,0x29d
0x0,0x125
0x0,0x32a
0x0,0x9f
0x0,0x32a
0x0,0x32a
0x0,0x32a
0x0,0x32a
0x0,0x32a
0x0,0x3ad
0x0,0x32a
0x0,0x32a
0x0,0x32a
0x0,0x33c
0x0,0x3ad
0x0,0x369
0x0,0x290
0x0,0x32a
0x0,0x3ad
0x0,0x24f
0x0,0x32a
0x0,0x9e
0x0,0x143
0x0,0x229
0x0,0x2e
0x0,0x32a
0x0,0xd3
0x0,0x229
0x0,0x397
0x0,0x1b4
0x0,0x369
0x0,0x288
0x0,0x191
0x0,0x1b3
0x0,0x2be
0x0,0x25b
0x0,0xc5
0x0,0x369
0x0,0x32a
0x0,0x15d
0x0,0x229
0x0,0x32a
0x0,0xa4
0x0,0x3ac
0x0,0x32a
0x0,0x32a
0x0,0x369
0x0,0x369
0x0,0x32a
0x0,0x1b4
0x0,0x32a
0x0,0x1e5
0x0,0x3ad
0x0,0x32a
0x0,0x32a
0x0,0x3ad
0x0,0x39f
0x0,0x369
0x0,0x290
0x0,0x32a
0x0,0x229
0x0,0x32a
0x0,0xa4
0x0,0x3ad
0x0,0x12d
0x0,0x290
0x0,0x32a
0x0,0x1af
0x0,0x32a
0x0,0x29d
0x0,0xdd
0x0,0x32a
0x0,0x11b
0x0,0x76
0x0,0x30a
0x0,0x369
0x0,0x11b
0x0,0x32a
0x0,0x3ad
0x0,0xa4
0x0,0x2da
0x0,0x232
0x0,0x290
0x0,0x3ad
0x0,0x191
0x0,0x290
0x0,0x1b4
0x0,0x341
0x0,0x32a
0x0,0x57
0x0,0x32a
0x0,0x32a
0x0,0x9e
0x0,0x18f
0x0,0x3a3
0x0,0x32a
0x0,0x3ad
0x0,0x32a
0x0,0xda
0x0,0x9e
0x0,0x1f5
0x0,0x25b
0x0,0x32a
0x0,0x11b
0x0,0x25d
0x0,0x3ad
0x0,0x3ad
0x0,0xdd
0x0,0x57
0x0,0x3ad
0x0,0x369
0x0,0x32a
0x0,0x32a
0x0,0x11b
0x0,0x3ad
0x0,0x32a
0x0,0x184
0x0,0x290
0x0,0x21c
0x0,0x32a
0x0,0xdd
0x0,0x32a
0x0,0x32a
0x0,0x32a
0x0,0x29d
0x0,0x32a
0x0,0x32a
0x0,0x89
0x0,0x2bb
0x0,0x29d
0x0,0xa4
0x0,0x3a3
0x0,0x369
0x0,0xa4
0x0,0x3ad
0x0,0x1cd
0x0,0x32a
0x0,0x32a
0x0,0x369
0x0,0x2da
0x0,0x29d
0x0,0x3ad
0x0,0x331
0x0,0x32a
0x0,0x3ad
0x0,0x11b
0x0,0x2e
0x0,0x290
0x0,0x57
0x0,0x1b4
0x0,0x3ad
0x0,0x9f
0x0,0x32a
0x0,0x3ac
0x0,0x32a
0x0,0xa4
0x0,0x229
0x0,0x290
0x0,0x32a
0x0,0x151
0x0,0x32a
0x0,0x32a
0x0,0x3ad
0x0,0x369
0x0,0x32a
0x0,0x3ad
0x0,0x3e3
0x0,0xa2
0x0,0x10d
0x0,0x1fc
0x0,0xdd
0x0,0x191
0x0,0xf4
0x0,0x397
0x0,0x1ed
0x0,0x57
0x0,0x9b
0x0,0x32a
0x0,0x32a
0x0,0xa4
0x0,0xa2
0x0,0x57
0x0,0x32a
0x0,0x366
0x0,0x369
0x0,0x32a
0x0,0x32a
0x0,0x32a
0x0,0x16a
0x0,0x76
0x0,0x32a
0x0,0x13e
0x0,0x32a
0x0,0x3ad
0x0,0x32a
0x0,0x57
0x0,0x2c0
0x0,0x32a
0x0,0xd3
0x0,0x3ad
0x0,0x57
0x0,0xda
0x0,0x32a
0x0,0x2be
0x0,0x1e5
0x0,0x9e
0x0,0x1e5
0x0,0x3ad
0x0,0x32a
0x0,0x9e
0x0,0x28b
0x0,0x105
0x0,0x32a
0x0,0xda
0x0,0x1ed
0x0,0x32a
0x0,0x32a
0x0,0x3ad
0x0,0x57
0x0,0x3ad
0x0,0x196
0x0,0x32a
0x0,0x32a
0x0,0x278
0x0,0x32a
0x0,0x32a
0x0,0x206
0x0,0x35b
0x0,0x57
0x0,0x1ed
0x0,0x32a
0x0,0x32a
0x0,0x369
0x0,0x229
0x0,0x32a
0x0,0x9e
0x0,0x2eb
0x0,0xa4
0x0,0x11b
0x0,0x32a
0x0,0x369
0x0,0x57
0x0,0x372
0x0,0x142
0x0,0x2e1
0x0,0x3a9
0x0,0x32a
0x0,0x369
0x0,0x11b
0x0,0x144
0x0,0x32a
0x0,0x11b
0x0,0x125
0x0,0x2da
0x0,0x25b
0x0,0x32a
0x0,0x11b
0x0,0x32a
0x0,0x89
0x0,0x369
0x0,0x245
0x0,0x290
0x0,0x29d
0x0,0x32a
0x0,0x3b6
0x0,0x1e5
0x0,0x369
0x0,0x31e
0x0,0x191
0x0,0x32a
0x0,0x29d
0x0,0x32a
0x0,0x369
0x0,0x3ad
0x0,0x290
0x0,0x32a
0x0,0x9e
0x0,0x9e
0x0,0x279
0x0,0x29e
0x0,0x32a
0x0,0xa4
0x0,0x1fb
0x0,0x32a
0x0,0x10d
0x0,0x2e
0x0,0x393
0x0,0x32a
0x0,0x57
0x0,0x32a
0x0,0x11b
0x0,0xa2
0x0,0x32a
0x0,0x245
0x0,0x25f
0x0,0x77
0x0,0x24f
0x0,0x229
0x0,0xd3
0x0,0x32a
0x0,0x346
0x0,0xa4
0x0,0x288
0x0,0x2e
0x0,0x7a
0x0,0x25b
0x0,0x136
0x0,0x32a
0x0,0x32a
0x0,0x3ad
0x0,0x25b
0x0,0x16a
0x0,0x25f
0x0,0x32a
0x0,0x110
0x0,0x23c
0x0,0x2be
0x0,0x349
0x0,0x32a
0x0,0xdd
0x0,0x136
0x0,0x32a
0x0,0x29d
0x0,0x369
0x0,0x32a
0x0,0x3a3
0x0,0x226
0x0,0x32a
0x0,0x29d
0x0,0x164
0x0,0x57
0x0,0x32a
0x0,0x369
0x0,0x25b
0x0,0x66
0x0,0x32a
0x0,0x32a
0x0,0xa4
0x0,0x32a
0x0,0xdd
0x0,0x369
0x0,0x19b
0x0,0x290
0x0,0x57
0x0,0x32a
0x0,0x32a
0x0,0x369
0x0,0x25b
0x0,0xdd
0x0,0x369
0x0,0x32a
0x0,0x32a
0x0,0x3ad
0x0,0x57
0x0,0x29b
0x0,0x11b
0x0,0xa2
0x0,0x32a
0x0,0x29d
0x0,0x32a
0x0,0x9e
0x0,0x3ad
0x0,0x169
0x0,0x3d7
0x0,0x11b
0x0,0x369
0x0,0x32a
0x0,0x89
0x0,0x257
0x0,0x3ac
0x0,0x32a
0x0,0x32a
0x0,0x369
0x0,0x208
0x0,0x29d
0x0,0x32a
0x0,0x11b
0x0,0x369
0x0,0xa2
0x0,0x3ad
0x0,0x191
0x0,0x3ad
0x0,0x32a
0x0,0x369
0x0,0x29
0x0,0x32a
0x0,0x3ad
0x0,0x3ad
0x0,0x32a
0x0,0x3ad
0x0,0x32a
0x0,0x2a7
0x0,0x3f
0x0,0x32a
0x0,0x1e5
0x0,0x1b4
0x0,0x29d
0x0,0x32a
0x0,0x11b
0x0,0x32a
0x0,0x32a
0x0,0x9e
0x0,0x2aa
0x0,0x11b
0x0,0x369
0x0,0x290
0x0,0x32a
0x0,0x29d
0x0,0x1d
0x0,0x29d
0x0,0x191
0x0,0x18b
0x0,0x25b
0x0,0x32a
0x0,0x30a
0x0,0x3ad
0x0,0x290
0x0,0x1f8
0x0,0x369
0x0,0x369
0x0,0x1d4
0x0,0x1f5
0x0,0x369
0x0,0x57
0x0,0x3ad
0x0,0xe4
0x0,0x32a
0x0,0x327
0x0,0xe5
0x0,0x184
0x0,0x32a
0x0,0xa4
0x0,0x29d
0x0,0x32a
0x0,0x369
0x0,0x32a
0x0,0x31b
0x0,0x32a
0x0,0x33e
0x0,0x257
0x0,0x229
0x0,0x369
0x0,0x369
0x0,0x7e
0x0,0x32a
0x0,0x32a
0x0,0x369
0x0,0x3ad
0x0,0x32a
0x0,0x32a
0x0,0x57
0x0,0x68
0x0,0x32a
0x0,0x1d4
0x0,0x32a
0x0,0x369
0x0,0x2e9
0x0,0x136
0x0,0xa4
0x0,0x3ad
0x0,0x191
0x0,0x57
0x0,0x32a
0x0,0x2e
0x0,0xa4
0x0,0x32a
0x0,0x19
0x0,0x1b4
0x0,0x369
0x0,0x1d
0x0,0x20e
0x0,0x32a
0x0,0x32a
0x0,0x3ad
0x0,0x32a
0x0,0x5b
0x0,0x369
0x0,0x16a
0x0,0x1c6
0x0,0x32a
0x0,0x32a
0x0,0x229
0x0,0x1b4
0x0,0x32a
0x0,0x1e5
0x0,0x369
0x0,0x290
0x0,0x32a
0x0,0xa1
0x0,0x3ad
0x0,0x1fc
0x0,0x369
0x0,0x32a
0x0,0x348
0x0,0x21
0x0,0x11b
0x0,0x9e
0x0,0x57
0x0,0x3ad
0x0,0x136
0x0,0x25b
0x0,0x226
0x0,0x32a
0x0,0x35
0x0,0x57
0x0,0x29d
0x0,0x19
0x0,0x25b
0x0,0x3ad
0x0,0x32a
0x0,0x1b4
0x0,0x29d
0x0,0x196
0x0,0x369
0x0,0x1ed
0x0,0x32a
0x0,0x32a
0x0,0x290
0x0,0x2da
0x0,0x32a
0x0,0x369
0x0,0x32a
0x0,0x1b4
0x0,0x369
0x0,0x32a
0x0,0x32a
0x0,0x29d
0x0,0x28d
0x0,0x29d
0x0,0x32a
0x0,0x3ad
0x0,0x9e
0x0,0x32a
0x0,0x369
0x0,0x32a
0x0,0x32a
0x0,0x32a
0x0,0xd3
0x0,0x29d
0x0,0x26c
0x0,0x1f4
0x0,0x372
0x0,0x32a
0x0,0x290
0x0,0x2f0
0x0,0x2d2
0x0,0x60
0x0,0x32a
0x0,0x369
0x0,0x9e
0x0,0xe
0x0,0x32a
0x0,0xdd
0x0,0x11b
0x0,0x11b
0x0,0x11b
0x0,0x32a
0x0,0x229
0x0,0x32a
0x0,0x32a
0x0,0x32a
0x0,0x32a
0x0,0x369
0x0,0x32a
0x0,0x3ad
0x0,0x369
0x0,0x29d
0x0,0x1e5
0x0,0x29d
0x0,0x3d1
0x0,0x57
0x0,0x9e
0x0,0x27d
0x0,0x32a
0x0,0x32a
0x0,0x32a
0x0,0x369
0x0,0x3ad
0x0,0x57
0x0,0x3ad
0x0,0xdd
0x0,0x38e
0x0,0x17f
0x0,0x32a
0x0,0x32a
0x0,0x3ad
0x0,0x369
0x0,0x32a
0x0,0x11b
0x0,0x369
0x0,0x2da
0x0,0x89
0x0,0x25b
0x0,0x288
0x0,0x32a
0x0,0x32a
0x0,0x57
0x0,0x57
0x0,0x32a
0x0,0x2e2
0x0,0x245
0x0,0x369
0x0,0x3ad
0x0,0x125
0x0,0xdd
0x0,0x57
0x0,0x9e
0x0,0x32a
0x0,0x191
0x0,0x25b
0x0,0x57
0x0,0x57
0x0,0x32a
0x0,0x1e5
0x0,0x89
0x0,0x32a
0x0,0x369
0x0,0x369
0x0,0x27a
0x0,0x149
0x0,0x32a
0x0,0x369
0x0,0x184
0x0,0x32a
0x0,0x57
0x0,0x25b
0x0,0x32a
0x0,0x9e
0x0,0x32a
0x0,0x288
0x0,0x191
0x0,0xda
0x0,0x369
0x0,0x32a
0x0,0x32a
0x0,0x2e
0x0,0x3a4
0x0,0xe7
0x0,0x32a
0x0,0x29d
0x0,0x11b
0x0,0x369
0x0,0x8c
0x0,0x32a
0x0,0x369
0x0,0x29d
0x0,0x32a
0x0,0x32a
0x0,0x369
0x0,0x191
0x0,0x29b
0x0,0x186
0x0,0x32a
0x0,0x32a
0x0,0x9e
0x0,0x32a
0x0,0x369
0x0,0x1f7
0x0,0x2f0
0x0,0x369
0x0,0x232
0x0,0x30a
0x0,0x32a
0x0,0x3a9
0x0,0x2e2
0x0,0x109
0x0,0x369
0x0,0x32a
0x0,0x9e
0x0,0x32a
0x0,0xf4
0x0,0x373
0x0,0x32a
0x0,0x11b
0x0,0x369
0x0,0x369
0x0,0x3ad
0x0,0x1b4
0x0,0x57
0x0,0x3ad
0x0,0xda
0x0,0x32a
0x0,0x229
0x0,0x3ad
0x0,0x32a
0x0,0x3b4
0x0,0x136
0x0,0xee
0x0,0x369
0x0,0x32a
0x0,0x160
0x0,0x369
0x0,0x3ad
0x0,0x32a
0x0,0x32a
0x0,0x226
0x0,0x36e
0x0,0x245
0x0,0x184
0x0,0xa4
0x0,0x32a
0x0,0x32a
0x0,0x32a
0x0,0x11b
0x0,0x1ed
0x0,0x32a
0x0,0x25b
0x0,0x3e1
0x0,0x3ac
0x0,0x369
0x0,0x32a
0x0,0x29d
0x0,0x57
0x0,0x1e5
0x0,0x32a
0x0,0x10a
0x0,0x29d
0x0,0x184
0x0,0x29d
0x0,0x25b
0x0,0x3ad
0x0,0x9e
0x0,0x369
0x0,0x369
0x0,0x30a
0x0,0x369
0x0,0x290
0x0,0x11b
0x0,0xdd
0x0,0x18f
0x0,0x3ad
0x0,0x32a
0x0,0x109
0x0,0x32a
0x0,0x57
0x0,0x25b
0x0,0x369
0x0,0x60
0x0,0x25b
0x0,0x32a
0x0,0x32a
0x0,0x369
0x0,0x9b
0x0,0x1ed
0x0,0x2be
0x0,0x369
0x0,0x16
0x0,0x369
0x0,0x32a
0x0,0x11b
0x0,0x2da
0x0,0x369
0x0,0x57
0x0,0x32a
0x0,0x290
0x0,0x32a
0x0,0x32a
0x0,0x17c
0x0,0x32a
0x0,0x32a
0x0,0x25b
0x0,0x32a
0x0,0x29d
0x0,0x32a
0x0,0x32a
0x0,0x3ad
0x0,0x1d
0x0,0x32a
0x0,0x206
0x0,0x6
0x0,0x25b
0x0,0x136
0x0,0x11b
0x0,0x9e
0x0,0x369
0x0,0x57
0x0,0x9e
0x0,0x32a
0x0,0x57
0x0,0x369
0x0,0x3ad
0x0,0x369
0x0,0x32a
0x0,0x57
0x0,0x9f
0x0,0x3ac
0x0,0x32a
0x0,0xa4
0x0,0x3ad
0x0,0x369
0x0,0x2be
0x0,0x3ad
0x0,0x32a
0x0,0x60
0x0,0x290
0x0,0x29
0x0,0x3ad
0x0,0x29d
0x0,0x32a
0x0,0x57
0x0,0x3ad
0x0,0x393
0x0,0x229
0x0,0x2bb
0x0,0x3ad
0x0,0x32a
0x0,0xc6
0x0,0x322
0x0,0x32a
0x0,0x122
0x0,0xdc
0x0,0x32a
0x0,0x9e
0x0,0x9e
0x0,0x29d
0x0,0x32a
0x0,0x32a
0x0,0x369
0x0,0x3ad
0x0,0x369
0x0,0x288
0x0,0x32a
0x0,0x32a
0x0,0x1af
0x0,0x25b
0x0,0x3b9
0x0,0x1bf
0x0,0x323
0x0,0x3ad
0x0,0x32a
0x0,0x10a
0x0,0x186
0x0,0x24
0x0,0x18b
0x0,0x211
0x0,0x377
0x0,0x369
0x0,0x1f5
0x0,0x11b
0x0,0xda
0x0,0x32a
0x0,0x369
0x0,0x32a
0x0,0x369
0x0,0x29d
0x0,0x3ad
0x0,0x369
0x0,0x32a
0x0,0x369
0x0,0x3ad
0x0,0x32a
0x0,0x245
0x0,0x32a
0x0,0x3ad
0x0,0x1ed
0x0,0x32a
0x0,0x32a
0x0,0xc5
0x0,0x2a0
0x0,0xdd
0x0,0x32a
0x0,0x32a
0x0,0x171
0x0,0x27
0x0,0x32a
0x0,0x57
0x0,0x3ad
0x0,0x1e5
0x0,0x369
0x0,0x4b
0x0,0x11b
0x0,0x32a
0x0,0x58
0x0,0x372
0x0,0x13e
0x0,0x21c
0x0,0x369
0x0,0x32a
0x0,0x3ad
0x0,0x32a
0x0,0x32a
0x0,0xdd
0x0,0x369
0x0,0x32a
0x0,0x57
0x0,0x369
0x0,0x29d
0x0,0x3ad
0x0,0xdd
0x0,0x32a
0x0,0x10d
0x0,0x3ad
0x0,0x369
0x0,0x2c0
0x0,0x32a
0x0,0x57
0x0,0x1d
0x0,0xc
0x0,0x57
0x0,0x369
0x0,0x1e5
0x0,0x9e
0x0,0x32a
0x0,0x57
0x0,0x32a
0x0,0xa4
0x0,0x32a
0x0,0x32a
0x0,0x377
0x0,0x3ad
0x0,0x32a
0x0,0x3e1
0x0,0x25b
0x0,0x29d
0x0,0x232
0x0,0x3ad
0x0,0x57
0x0,0x32a
0x0,0xa4
0x0,0x32a
0x0,0x2e
0x0,0x369
0x0,0x125
0x0,0x32a
0x0,0x32a
0x0,0x32a
0x0,0x290
0x0,0x32a
0x0,0x3ad
0x0,0x25b
0x0,0x32a
0x0,0x32a
0x0,0x2da
0x0,0x369
0x0,0x32a
0x0,0x32a
0x0,0x97
0x0,0x11b
0x0,0x290
0x0,0x1f4
0x0,0x10a
0x0,0xda
0x0,0x369
0x0,0xa2
0x0,0x32a
0x0,0x21c
0x0,0x245
0x0,0x369
0x0,0x29d
0x0,0x32a
0x0,0x369
0x0,0x29d
0x0,0x369
0x0,0x57
0x0,0x369
0x0,0xa2
0x0,0x32a
0x0,0x11b
0x0,0x29d
0x0,0x32a
0x0,0x369
0x0,0x16a
0x0,0x22c
0x0,0x3ad
0x0,0x32a
0x0,0x2da
0x0,0x2d5
0x0,0x29d
0x0,0x32a
0x0,0x2a7
0x0,0x290
0x0,0x343
0x0,0xf3
0x0,0x32a
0x0,0x32a
0x0,0x3ad
0x0,0x369
0x0,0x17d
0x0,0x1e5
0x0,0x57
0x0,0x32a
0x0,0x369
0x0,0x155
0x0,0x369
0x0,0x32a
0x0,0x57
0x0,0x32a
0x0,0x32a
0x0,0x32a
0x0,0x9e
0x0,0x9e
0x0,0x191
0x0,0x24e
0x0,0x274
0x0,0x369
0x0,0x29d
0x0,0x2e2
0x0,0x2da
0x0,0x32a
0x0,0x1f7
0x0,0x76
0x0,0x380
0x0,0x31e
0x0,0x32a
0x0,0x29d
0x0,0x32a
0x0,0x369
0x0,0x59
0x0,0x32a
0x0,0x377
0x0,0xdd
0x0,0x32a
0x0,0x57
0x0,0x32a
0x0,0x3ad
0x0,0x288
0x0,0x32a
0x0,0x32a
0x0,0x261
0x0,0x9e
0x0,0x32a
0x0,0xa4
0x0,0x32a
0x0,0x290
0x0,0x32a
0x0,0x29d
0x0,0x32a
0x0,0x2be
0x0,0x27d
0x0,0x369
0x0,0x29d
0x0,0x3ad
0x0,0x32a
0x0,0x32a
0x0,0xa3
0x0,0x32a
0x0,0xa4
0x0,0x157
0x0,0x32a
0x0,0x11b
0x0,0x32a
0x0,0x1f8
0x0,0x184
0x0,0x369
0x0,0x9e
0x0,0x369
0x0,0x3ad
0x0,0x369
0x0,0x46
0x0,0x1f6
0x0,0x32a
0x0,0x32a
0x0,0x229
0x0,0x57
0x0,0x1e5
0x0,0x32a
0x0,0xa2
0x0,0x2da
0x0,0x32a
0x0,0x369
0x0,0x104
0x0,0x32a
0x0,0x369
0x0,0x186
0x0,0x1e5
0x0,0x1e5
0x0,0xdd
0x0,0x288
0x0,0x32a
0x0,0x57
0x0,0x32a
0x0,0x11b
0x0,0x32a
0x0,0x397
0x0,0x369
0x0,0x290
0x0,0x290
0x0,0x290
0x0,0x29d
0x0,0x290
0x0,0x32a
0x0,0x32a
0x0,0x32a
0x0,0x290
0x0,0x110
0x0,0x245
0x0,0x76
0x0,0x32a
0x0,0x36d
0x0,0x369
0x0,0xc5
0x0,0x12d
0x0,0xf3
0x0,0xdd
0x0,0xd3
0x0,0x32a
0x0,0x3ad
0x0,0x1e3
0x0,0x369
0x0,0x369
0x0,0x29d
0x0,0x37f
0x0,0xdd
0x0,0x4e
0x0,0x89
0x0,0x32a
0x0,0x57
0x0,0x32a
0x0,0x32a
0x0,0x158
0x0,0x369
0x0,0x184
0x0,0xa2
0x0,0x3c6
0x0,0x32a
0x0,0x32a
0x0,0x32a
0x0,0x32a
0x0,0x32a
0x0,0x32a
0x0,0x144
0x0,0x32a
0x0,0x1b4
0x0,0x27a
0x0,0x369
0x0,0x32a
0x0,0x32a
0x0,0x32a
0x0,0x32a
0x0,0x57
0x0,0x32a
0x0,0x369
0x0,0x32a
0x0,0x32a
0x0,0x1f8
0x0,0x184
0x0,0x2e2
0x0,0x3ad
0x0,0x290
0x0,0x369
0x0,0x3ad
0x0,0x245
0x0,0x32a
0x0,0x369
0x0,0x3ad
0x0,0x32a
0x0,0x32a
0x0,0x369
0x0,0x32a
0x0,0x57
0x0,0x32a
0x0,0x3ad
0x0,0x32a
0x0,0xf3
0x0,0x369
0x0,0x32a
0x0,0x25b
0x0,0x3b6
0x0,0x57
0x0,0x32a
0x0,0x1c6
0x0,0x110
0x0,0x57
0x0,0x30a
0x0,0xa2
0x0,0x369
0x0,0x369
0x0,0x32a
0x0,0x32a
0x0,0x229
0x0,0x57
0x0,0x32a
0x0,0x1e5
0x0,0x9e
0x0,0x32a
0x0,0x36d
0x0,0x32a
0x0,0x11b
0x0,0x32a
0x0,0x369
0x0,0x369
0x0,0x191
0x0,0x32a
0x0,0x136
0x0,0x32a
0x0,0x191
0x0,0x1a2
0x0,0xa4
0x0,0x57
0x0,0x2da
0x0,0x164
0x0,0x3b6
0x0,0x32a
0x0,0x29d
0x0,0xa2
0x0,0x32a
0x0,0x32a
0x0,0x32a
0x0,0x369
0x0,0x11b
0x0,0xdd
0x0,0x32a
0x0,0x369
0x0,0x32a
0x0,0x11b
0x0,0x3ad
0x0,0x2be
0x0,0x57
0x0,0x32a
0x0,0x32a
0x0,0x29d
0x0,0x87
0x0,0x369
0x0,0x369
0x0,0x32a
0x0,0x278
0x0,0x1ed
0x0,0x32a
0x0,0x32a
0x0,0x29d
0x0,0x32a
0x0,0x290
0x0,0x32a
0x0,0x32a
0x0,0x11b
0x0,0x32a
0x0,0x1c6
0x0,0x3ad
0x0,0xa2
0x0,0x369
0x0,0x32a
0x0,0x369
0x0,0x290
0x0,0x57
0x0,0x29d
0x0,0x32a
0x0,0x32a
0x0,0x32a
0x0,0x369
0x0,0x32a
0x0,0x3ad
0x0,0x1d1
0x0,0x372
0x0,0x110
0x0,0x89
0x0,0x32a
0x0,0x2f8
0x0,0x229
0x0,0x32a
0x0,0x32a
0x0,0x32a
0x0,0x136
0x0,0x369
0x0,0x3ad
0x0,0x369
0x0,0x369
0x0,0x3ad
0x0,0x369
0x0,0x369
0x0,0xda
0x0,0x229
0x0,0xa4
0x0,0x369
0x0,0x32a
0x0,0x3ad
0x0,0x32a
0x0,0x32a
0x0,0x32a
0x0,0x32a
0x0,0x369
0x0,0x32a
0x0,0x211
0x0,0x32a
0x0,0x3ad
0x0,0x369
0x0,0x2da
0x0,0x229
0x0,0x57
0x0,0x32a
0x0,0x369
0x0,0x32a
0x0,0x32a
0x0,0xa4
0x0,0x57
0x0,0x85
0x0,0x29d
0x0,0x57
0x0,0x335
0x0,0x57
0x0,0x35
0x0,0x2f0
0x0,0x3ad
0x0,0x32a
0x0,0x3ad
0x0,0x11b
0x0,0x32a
0x0,0x2e1
0x0,0x1b4
0x0,0xda
0x0,0x32a
0x0,0x25b
0x0,0x32a
0x0,0x369
0x0,0x32a
0x0,0x76
0x0,0x32a
0x0,0x191
0x0,0x369
0x0,0x369
0x0,0x1ed
0x0,0x327
0x0,0x19
0x0,0x11b
0x0,0x369
0x0,0x369
0x0,0x1d1
0x0,0x184
0x0,0x142
0x0,0x369
0x0,0xdd
0x0,0x32a
0x0,0x3ad
0x0,0x180
0x0,0x369
0x0,0x11b
0x0,0x32a
0x0,0x229
0x0,0x32a
0x0,0x32a
0x0,0x3ad
0x0,0x57
0x0,0x1b4
0x0,0x11b
0x0,0x11b
0x0,0x57
0x0,0x32a
0x0,0xd0
0x0,0xd3
0x0,0x3ad
0x0,0x369
0x0,0xe5
0x0,0xd5
0x0,0x32b
0x0,0x57
0x0,0x11b
0x0,0x32a
0x0,0x12d
0x0,0x125
0x0,0x32a
0x0,0x369
0x0,0x3ad
0x0,0x32a
0x0,0x11b
0x0,0x32a
0x0,0x229
0x0,0xdd
0x0,0x32a
0x0,0x1a1
0x0,0x32a
0x0,0x379
0x0,0x32a
0x0,0xd5
0x0,0x3ad
0x0,0x369
0x0,0x11b
0x0,0x32a
0x0,0x32a
0x0,0x136
0x0,0x11b
0x0,0x236
0x0,0x9e
0x0,0x369
0x0,0x3ad
0x0,0x23f
0x0,0x32a
0x0,0x335
0x0,0x245
0x0,0x369
0x0,0x10d
0x0,0x3ad
0x0,0x32a
0x0,0x32a
0x0,0xfc
0x0,0x290
0x0,0x11b
0x0,0x57
0x0,0x3e3
0x0,0x2da
0x0,0x32a
0x0,0x3ad
0x0,0x21c
0x0,0x32a
0x0,0x290
0x0,0x290
0x0,0x32a
0x0,0xdd
0x0,0x3ad
0x0,0x369
0x0,0xa2
0x0,0x369
0x0,0x32a
0x0,0x32a
0x0,0x369
0x0,0x32a
0x0,0x32a
0x0,0x32a
0x0,0x369
0x0,0x32a
0x0,0x2e1
0x0,0x32a
0x0,0x1f5
0x0,0x32a
0x0,0x32a
0x0,0x32a
0x0,0x369
0x0,0x10d
0x0,0x2e
0x0,0x89
0x0,0x29d
0x0,0x369
0x0,0x2c6
0x0,0x1b4
0x0,0x1ed
0x0,0x369
0x0,0x89
0x0,0x3ad
0x0,0x186
0x0,0x369
0x0,0x229
0x0,0x32a
0x0,0x32a
0x0,0x2da
0x0,0x369
0x0,0x10a
0x0,0x399
0x0,0x3d4
0x0,0x369
0x0,0x32a
0x0,0xa4
0x0,0x301
0x0,0x3ad
0x0,0x18f
0x0,0x32a
0x0,0x32a
0x0,0xee
0x0,0xda
0x0,0x32a
0x0,0x1b4
0x0,0x229
0x0,0x9e
0x0,0xa4
0x0,0x32a
0x0,0xa2
0x0,0x11b
0x0,0x369
0x0,0x11b
0x0,0x2e
0x0,0x30a
0x0,0x57
0x0,0x257
0x0,0x1d8
0x0,0x32a
0x0,0x32a
0x0,0x369
0x0,0x11b
0x0,0x29d
0x0,0xd0
0x0,0x369
0x0,0x57
0x0,0x29d
0x0,0x3ad
0x0,0x369
0x0,0x229
0x0,0x369
0x0,0x2ee
0x0,0x25b
0x0,0x32a
0x0,0xa8
0x0,0x57
0x0,0x32a
0x0,0x2a0
0x0,0x369
0x0,0x64
0x0,0x19
0x0,0x29d
0x0,0xdd
0x0,0x32a
0x0,0x57
0x0,0x191
0x0,0x122
0x0,0x32a
0x0,0x32a
0x0,0x32a
0x0,0x257
0x0,0x84
0x0,0x166
0x0,0x68
0x0,0xa4
0x0,0x32a
0x0,0xdd
0x0,0x17d
0x0,0x32a
0x0,0x290
0x0,0x2da
0x0,0xa2
0x0,0x32a
0x0,0x32a
0x0,0x369
0x0,0x32a
0x0,0x3ad
0x0,0x34a
0x0,0x1e5
0x0,0x1d
0x0,0x144
0x0,0x1ed
0x0,0x2d
0x0,0x32a
0x0,0xa4
0x0,0x9e
0x0,0x369
0x0,0x32a
0x0,0x32a
0x0,0x32a
0x0,0x3ad
0x0,0xa4
0x0,0x196
0x0,0x369
0x0,0x32a
0x0,0x32a
0x0,0x10d
0x0,0x1e5
0x0,0x32a
0x0,0x32a
0x0,0x136
0x0,0x9e
0x0,0x89
0x0,0x1d2
0x0,0x3ad
0x0,0xa4
0x0,0x1e5
0x0,0x4b
0x0,0x32a
0x0,0x29d
0x0,0x32a
0x0,0x2e2
0x0,0x369
0x0,0x57
0x0,0x25b
0x0,0xdd
0x0,0x32a
0x0,0x369
0x0,0x32a
0x0,0xa4
0x0,0xd5
0x0,0x1b4
0x0,0x369
0x0,0x32a
0x0,0x16
0x0,0xcb
0x0,0x1ed
0x0,0x89
0x0,0x32a
0x0,0x32a
0x0,0x3ad
0x0,0x290
0x0,0x62
0x0,0x32a
0x0,0x11b
0x0,0x1fc
0x0,0x32a
0x0,0x369
0x0,0x29d
0x0,0x27a
0x0,0x32a
0x0,0x32a
0x0,0x369
0x0,0x32a
0x0,0x32a
0x0,0x32a
0x0,0x290
0x0,0xc5
0x0,0x32a
0x0,0x11b
0x0,0x369
0x0,0x11b
0x0,0x369
0x0,0x369
0x0,0x1ed
0x0,0x32a
0x0,0x3ad
0x0,0x32a
0x0,0x32a
0x0,0x3ad
0x0,0x29d
0x0,0x32a
0x0,0x57
0x0,0x32a
0x0,0x369
0x0,0x32a
0x0,0x29d
0x0,0x32a
0x0,0x32a
0x0,0x1e5
0x0,0x3b3
0x0,0x369
0x0,0x2e
0x0,0x32a
0x0,0x3ad
0x0,0x1f8
0x0,0x32a
0x0,0xa4
0x0,0x397
0x0,0x21c
0x0,0x57
0x0,0x369
0x0,0x34f
0x0,0x32a
0x0,0x9e
0x0,0x32a
0x0,0x369
0x0,0x10d
0x0,0x3d
0x0,0x290
0x0,0x3ad
0x0,0x369
0x0,0x245
0x0,0x32a
0x0,0x29d
0x0,0x32a
0x0,0x32a
0x0,0x245
0x0,0x32a
0x0,0x184
0x0,0x369
0x0,0x56
0x0,0x32a
0x0,0x32a
0x0,0x32a
0x0,0xdd
0x0,0x159
0x0,0x369
0x0,0x368
0x0,0x32a
0x0,0x32a
0x0,0x32a
0x0,0x1d
0x0,0x32a
0x0,0x2c3
0x0,0x25b
0x0,0x32a
0x0,0x9e
0x0,0x11b
0x0,0x369
0x0,0x17d
0x0,0x32a
0x0,0x279
0x0,0xa2
0x0,0x229
0x0,0x57
0x0,0x3ad
0x0,0x32a
0x0,0x125
0x0,0x369
0x0,0x251
0x0,0x17d
0x0,0x133
0x0,0x32a
0x0,0x1ed
0x0,0x1cb
0x0,0xdd
0x0,0x369
0x0,0xd8
0x0,0x337
0x0,0x369
0x0,0x32a
0x0,0x229
0x0,0x35b
0x0,0x32a
0x0,0x32a
0x0,0x32a
0x0,0x32a
0x0,0x36e
0x0,0x186
0x0,0x29d
0x0,0x32a
0x0,0x32a
0x0,0x3ad
0x0,0x7a
0x0,0x369
0x0,0x32a
0x0,0x32a
0x0,0x72
0x0,0x2da
0x0,0xa2
0x0,0x369
0x0,0xdd
0x0,0x9e
0x0,0x3d
0x0,0x9e
0x0,0xda
0x0,0x2be
0x0,0x32a
0x0,0x32a
0x0,0x14d
0x0,0x318
0x0,0x288
0x0,0x32a
0x0,0x314
0x0,0x3d4
0x0,0x32a
0x0,0x32a
0x0,0x160
0x0,0x1a8
0x0,0xdd
0x0,0x32a
0x0,0x25b
0x0,0x142
0x0,0xbd
0x0,0x9e
0x0,0x1dc
0x0,0x32a
0x0,0x32a
0x0,0x29d
0x0,0x32a
0x0,0x2da
0x0,0x3ad
0x0,0x57
0x0,0x32a
0x0,0xfe
0x0,0x3a2
0x0,0x107
0x0,0x369
0x0,0x32a
0x0,0x16a
0x0,0x3ad
0x0,0x3ad
0x0,0xa4
0x0,0x186
0x0,0x16a
0x0,0xa2
0x0,0x3ad
0x0,0x29d
0x0,0x9e
0x0,0x1a2
0x0,0x3ad
0x0,0x184
0x0,0x217
0x0,0x164
0x0,0xa2
0x0,0x110
0x0,0x29d
0x0,0x369
0x0,0x1ed
0x0,0x2c0
0x0,0x89
0x0,0x3ad
0x0,0x9e
0x0,0xdd
0x0,0x57
0x0,0xda
0x0,0x186
0x0,0x25b
0x0,0x3ad
0x0,0xa2
0x0,0x291
0x0,0x57
0x0,0x369
0x0,0x32a
0x0,0x32a
0x0,0x57
0x0,0x32a
0x0,0x340
0x0,0x32a
0x0,0x32a
0x0,0x32a
0x0,0x32a
0x0,0x57
0x0,0x57
0x0,0x57
0x0,0x32a
0x0,0x369
0x0,0x1d2
0x0,0x11b
0x0,0x32a
0x0,0x66
0x0,0x369
0x0,0x369
0x0,0x1d2
0x0,0x32a
0x0,0x7a
0x0,0xa2
0x0,0x32a
0x0,0x369
0x0,0x32a
0x0,0x397
0x0,0x29d
0x0,0x3ad
0x0,0x9e
0x0,0x32a
0x0,0xa2
0x0,0x64
0x0,0x129
0x0,0x191
0x0,0x369
0x0,0x3ad
0x0,0x29d
0x0,0x32a
0x0,0x17e
0x0,0x3ac
0x0,0xf3
0x0,0x369
0x0,0xde
0x0,0x32a
0x0,0x32a
0x0,0x11b
0x0,0x76
0x0,0x2d0
0x0,0xa4
0x0,0xa2
0x0,0x182
0x0,0x211
0x0,0x32a
0x0,0x7a
0x0,0x3ad
0x0,0x9e
0x0,0x32a
0x0,0x32a
0x0,0x3ad
0x0,0x32a
0x0,0x57
0x0,0x290
0x0,0x57
0x0,0x3ad
0x0,0x32a
0x0,0x3ad
0x0,0x21c
0x0,0x3ad
0x0,0x11b
0x0,0x17e
0x0,0x32a
0x0,0x34e
0x0,0x32a
0x0,0x32a
0x0,0x32a
0x0,0x300
0x0,0x32a
0x0,0x32a
0x0,0x32a
0x0,0x3ad
0x0,0x3ad
0x0,0x32a
0x0,0x32a
0x0,0x3ad
0x0,0x119
0x0,0x32a
0x0,0x149
0x0,0x2b7
0x0,0x57
0x0,0x3b6
0x0,0x369
0x0,0x32a
0x0,0x3ad
0x0,0x397
0x0,0x3a8
0x0,0x3c8
0x0,0x57
0x0,0x19
0x0,0x29d
0x0,0x1e5
0x0,0x2ee
0x0,0x290
0x0,0x32a
0x0,0x32a
0x0,0x57
0x0,0x32a
0x0,0x206
0x0,0x260
0x0,0x29d
0x0,0x1e4
0x0,0x1eb
0x0,0x369
0x0,0xa2
0x0,0x8f
0x0,0x32a
0x0,0x32a
0x0,0x369
0x0,0x32a
0x0,0x29d
0x0,0x17d
0x0,0xa4
0x0,0x11b
0x0,0x32a
0x0,0x245
0x0,0x25e
0x0,0x2da
0x0,0x57
0x0,0x369
0x0,0x32a
0x0,0x57
0x0,0x229
0x0,0x290
0x0,0x136
0x0,0x245
0x0,0x290
0x0,0xa4
0x0,0x369
0x0,0xa4
0x0,0x32a
0x0,0x29d
0x0,0x1d8
0x0,0x218
0x0,0x184
0x0,0xd0
0x0,0xda
0x0,0x32a
0x0,0x32a
0x0,0x32a
0x0,0x3b7
0x0,0x29d
0x0,0x191
0x0,0x89
0x0,0x3d8
0x0,0x32a
0x0,0x32a
0x0,0x3ac
0x0,0x369
0x0,0x2d2
0x0,0x3ad
0x0,0xa2
0x0,0x16e
0x0,0x32a
0x0,0x32a
0x0,0x30a
0x0,0x32a
0x0,0x32a
0x0,0x19
0x0,0x1fc
0x0,0x245
0x0,0x369
0x0,0x29d
0x0,0x32a
0x0,0x32a
0x0,0x11b
0x0,0x100
0x0,0x29d
0x0,0xdd
0x0,0x322
0x0,0x369
0x0,0x9e
0x0,0x57
0x0,0x3d0
0x0,0x3ad
0x0,0x3ad
0x0,0x32a
0x0,0x2da
0x0,0x2da
0x0,0x369
0x0,0xa4
0x0,0x32a
0x0,0x32a
0x0,0x3ad
0x0,0x57
0x0,0x9e
0x0,0x206
0x0,0x369
0x0,0x32a
0x0,0x369
0x0,0x125
0x0,0x57
0x0,0x7a
0x0,0x288
0x0,0x1e4
0x0,0x142
0x0,0x32a
0x0,0x369
0x0,0x32a
0x0,0x3ad
0x0,0x152
0x0,0xa2
0x0,0x37f
0x0,0xda
0x0,0x25f
0x0,0x2e2
0x0,0x369
0x0,0x32a
0x0,0x25b
0x0,0x32a
0x0,0x32a
0x0,0x369
0x0,0x288
0x0,0x32a
0x0,0x8c
0x0,0x136
0x0,0x32a
0x0,0x9e
0x0,0x11b
0x0,0x3ad
0x0,0x29d
0x0,0x59
0x0,0x32a
0x0,0x32a
0x0,0x369
0x0,0xa4
0x0,0x32a
0x0,0x369
0x0,0x32a
0x0,0x2e2
0x0,0x32a
0x0,0x32a
0x0,0x32a
0x0,0x9e
0x0,0x32a
0x0,0x3ad
0x0,0x34f
0x0,0x32a
0x0,0x32a
0x0,0x369
0x0,0x2a5
0x0,0x369
0x0,0x32a
0x0,0x32a
0x0,0x29d
0x0,0x171
0x0,0x32a
0x0,0x3ad
0x0,0x32a
0x0,0x3ad
0x0,0x76
0x0,0xda
0x0,0x9e
0x0,0x32a
0x0,0x32a
0x0,0x32a
0x0,0xe1
0x0,0xa4
0x0,0x32a
0x0,0x369
0x0,0x369
0x0,0x11b
0x0,0x369
0x0,0xdd
0x0,0x245
0x0,0x369
0x0,0xa2
0x0,0x369
0x0,0x32a
0x0,0x369
0x0,0x32a
0x0,0x32a
0x0,0x369
0x0,0x191
0x0,0x2da
0x0,0x57
0x0,0x369
0x0,0x25b
0x0,0x3ad
0x0,0x369
0x0,0xdd
0x0,0x25b
0x0,0x89
0x0,0x32a
0x0,0x1ae
0x0,0x2b
0x0,0x1e5
0x0,0x32a
0x0,0x9f
0x0,0x4c
0x0,0x32a
0x0,0x32a
0x0,0x32a
0x0,0x32a
